Type,Filter,TRUTH.TOTAL,TRUTH.TP,TRUTH.FN,QUERY.TOTAL,QUERY.FP,QUERY.UNK,FP.gt,FP.al,METRIC.Recall,METRIC.Precision,METRIC.Frac_NA,METRIC.F1_Score,TRUTH.TOTAL.TiTv_ratio,QUERY.TOTAL.TiTv_ratio,TRUTH.TOTAL.het_hom_ratio,QUERY.TOTAL.het_hom_ratio
INDEL,ALL,522389,209604,312785,253525,9067,34834,2628,1296,0.40124099999999996,0.95854,0.137399,0.565688,,,1.5140117576138536,1.457209040862216
INDEL,PASS,522389,209604,312785,253525,9067,34834,2628,1296,0.40124099999999996,0.95854,0.137399,0.565688,,,1.5140117576138536,1.457209040862216
SNP,ALL,3352679,2926025,426654,3139233,76516,136727,33067,780,0.872742,0.9745159999999999,0.043554,0.920826,2.0975722178140814,2.1809318354306604,1.5743345845517158,1.491949196269101
SNP,PASS,3352679,2926025,426654,3139233,76516,136727,33067,780,0.872742,0.9745159999999999,0.043554,0.920826,2.0975722178140814,2.1809318354306604,1.5743345845517158,1.491949196269101
