Type,Filter,TRUTH.TOTAL,TRUTH.TP,TRUTH.FN,QUERY.TOTAL,QUERY.FP,QUERY.UNK,FP.gt,FP.al,METRIC.Recall,METRIC.Precision,METRIC.Frac_NA,METRIC.F1_Score,TRUTH.TOTAL.TiTv_ratio,QUERY.TOTAL.TiTv_ratio,TRUTH.TOTAL.het_hom_ratio,QUERY.TOTAL.het_hom_ratio
INDEL,ALL,508274,205679,302595,253740,9943,38098,2941,1405,0.40466199999999997,0.9538909999999999,0.150146,0.5682560000000001,,,1.5010726729322714,1.4389399925026674
INDEL,PASS,508274,205679,302595,253740,9943,38098,2941,1405,0.40466199999999997,0.9538909999999999,0.150146,0.5682560000000001,,,1.5010726729322714,1.4389399925026674
SNP,ALL,3340471,2907585,432886,3149325,88463,153302,36850,949,0.8704120000000001,0.9704729999999999,0.048678,0.917723,2.097942603562915,2.1782759153125824,1.578296918585843,1.4888884849615207
SNP,PASS,3340471,2907585,432886,3149325,88463,153302,36850,949,0.8704120000000001,0.9704729999999999,0.048678,0.917723,2.097942603562915,2.1782759153125824,1.578296918585843,1.4888884849615207
