Type,Filter,TRUTH.TOTAL,TRUTH.TP,TRUTH.FN,QUERY.TOTAL,QUERY.FP,QUERY.UNK,FP.gt,FP.al,METRIC.Recall,METRIC.Precision,METRIC.Frac_NA,METRIC.F1_Score,TRUTH.TOTAL.TiTv_ratio,QUERY.TOTAL.TiTv_ratio,TRUTH.TOTAL.het_hom_ratio,QUERY.TOTAL.het_hom_ratio
INDEL,ALL,522389,209610,312779,253475,9014,34831,2623,1286,0.401253,0.958773,0.137414,0.5657399999999999,,,1.5140117576138536,1.4566530010951841
INDEL,PASS,522389,209610,312779,253475,9014,34831,2623,1286,0.401253,0.958773,0.137414,0.5657399999999999,,,1.5140117576138536,1.4566530010951841
SNP,ALL,3352679,2925861,426818,3138920,76417,136677,33083,775,0.872693,0.9745469999999999,0.043543,0.9208120000000001,2.0975722178140814,2.1808564109215904,1.5743345845517158,1.4916552426508585
SNP,PASS,3352679,2925861,426818,3138920,76417,136677,33083,775,0.872693,0.9745469999999999,0.043543,0.9208120000000001,2.0975722178140814,2.1808564109215904,1.5743345845517158,1.4916552426508585
