Type,Filter,TRUTH.TOTAL,TRUTH.TP,TRUTH.FN,QUERY.TOTAL,QUERY.FP,QUERY.UNK,FP.gt,FP.al,METRIC.Recall,METRIC.Precision,METRIC.Frac_NA,METRIC.F1_Score,TRUTH.TOTAL.TiTv_ratio,QUERY.TOTAL.TiTv_ratio,TRUTH.TOTAL.het_hom_ratio,QUERY.TOTAL.het_hom_ratio
INDEL,ALL,522389,209613,312776,253527,9055,34839,2628,1287,0.401258,0.9585940000000001,0.137417,0.565714,,,1.5140117576138536,1.4570379128547062
INDEL,PASS,522389,209613,312776,253527,9055,34839,2628,1287,0.401258,0.9585940000000001,0.137417,0.565714,,,1.5140117576138536,1.4570379128547062
SNP,ALL,3352679,2926263,426416,3139326,76378,136720,32982,772,0.872813,0.974563,0.043551,0.9208860000000001,2.0975722178140814,2.1808874757582575,1.5743345845517158,1.4922327260718107
SNP,PASS,3352679,2926263,426416,3139326,76378,136720,32982,772,0.872813,0.974563,0.043551,0.9208860000000001,2.0975722178140814,2.1808874757582575,1.5743345845517158,1.4922327260718107
