Type,Filter,TRUTH.TOTAL,TRUTH.TP,TRUTH.FN,QUERY.TOTAL,QUERY.FP,QUERY.UNK,FP.gt,FP.al,METRIC.Recall,METRIC.Precision,METRIC.Frac_NA,METRIC.F1_Score,TRUTH.TOTAL.TiTv_ratio,QUERY.TOTAL.TiTv_ratio,TRUTH.TOTAL.het_hom_ratio,QUERY.TOTAL.het_hom_ratio
INDEL,ALL,500793,205775,295018,251102,7307,37998,2332,1117,0.41089799999999993,0.9657120000000001,0.151325,0.5765020000000001,,,1.4790521868945146,1.408398154631166
INDEL,PASS,500793,205775,295018,251102,7307,37998,2332,1117,0.41089799999999993,0.9657120000000001,0.151325,0.5765020000000001,,,1.4790521868945146,1.408398154631166
SNP,ALL,3314143,2906419,407724,3115206,60101,148721,28546,658,0.876975,0.9797399999999999,0.04774,0.9255129999999999,2.100052932616592,2.1819408453495153,1.5296134232553806,1.4486512871665358
SNP,PASS,3314143,2906419,407724,3115206,60101,148721,28546,658,0.876975,0.9797399999999999,0.04774,0.9255129999999999,2.100052932616592,2.1819408453495153,1.5296134232553806,1.4486512871665358
