Type,Filter,TRUTH.TOTAL,TRUTH.TP,TRUTH.FN,QUERY.TOTAL,QUERY.FP,QUERY.UNK,FP.gt,FP.al,METRIC.Recall,METRIC.Precision,METRIC.Frac_NA,METRIC.F1_Score,TRUTH.TOTAL.TiTv_ratio,QUERY.TOTAL.TiTv_ratio,TRUTH.TOTAL.het_hom_ratio,QUERY.TOTAL.het_hom_ratio
INDEL,ALL,508274,205709,302565,253763,9935,38097,2927,1400,0.404721,0.953933,0.15012799999999998,0.568322,,,1.5010726729322714,1.4393720921290423
INDEL,PASS,508274,205709,302565,253763,9935,38097,2927,1400,0.404721,0.953933,0.15012799999999998,0.568322,,,1.5010726729322714,1.4393720921290423
SNP,ALL,3340471,2907912,432559,3149691,88490,153317,36658,942,0.87051,0.970468,0.048677,0.917775,2.097942603562915,2.1782956609485367,1.578296918585843,1.489600747427753
SNP,PASS,3340471,2907912,432559,3149691,88490,153317,36658,942,0.87051,0.970468,0.048677,0.917775,2.097942603562915,2.1782956609485367,1.578296918585843,1.489600747427753
