Type,Filter,TRUTH.TOTAL,TRUTH.TP,TRUTH.FN,QUERY.TOTAL,QUERY.FP,QUERY.UNK,FP.gt,FP.al,METRIC.Recall,METRIC.Precision,METRIC.Frac_NA,METRIC.F1_Score,TRUTH.TOTAL.TiTv_ratio,QUERY.TOTAL.TiTv_ratio,TRUTH.TOTAL.het_hom_ratio,QUERY.TOTAL.het_hom_ratio
INDEL,ALL,500793,205761,295032,251051,7285,37983,2342,1111,0.41086999999999996,0.965809,0.151296,0.576492,,,1.4790521868945146,1.4078166211096725
INDEL,PASS,500793,205761,295032,251051,7285,37983,2342,1111,0.41086999999999996,0.965809,0.151296,0.576492,,,1.4790521868945146,1.4078166211096725
SNP,ALL,3314143,2906287,407856,3115091,60129,148710,28605,659,0.876935,0.9797299999999999,0.047739,0.9254870000000001,2.100052932616592,2.181885132705759,1.5296134232553806,1.4485147028423164
SNP,PASS,3314143,2906287,407856,3115091,60129,148710,28605,659,0.876935,0.9797299999999999,0.047739,0.9254870000000001,2.100052932616592,2.181885132705759,1.5296134232553806,1.4485147028423164
