Type,Filter,TRUTH.TOTAL,TRUTH.TP,TRUTH.FN,QUERY.TOTAL,QUERY.FP,QUERY.UNK,FP.gt,FP.al,METRIC.Recall,METRIC.Precision,METRIC.Frac_NA,METRIC.F1_Score,TRUTH.TOTAL.TiTv_ratio,QUERY.TOTAL.TiTv_ratio,TRUTH.TOTAL.het_hom_ratio,QUERY.TOTAL.het_hom_ratio
INDEL,ALL,508274,205680,302594,253741,9955,38085,2944,1409,0.40466399999999997,0.953839,0.150094,0.568249,,,1.5010726729322714,1.4391606106048371
INDEL,PASS,508274,205680,302594,253741,9955,38085,2944,1409,0.40466399999999997,0.953839,0.150094,0.568249,,,1.5010726729322714,1.4391606106048371
SNP,ALL,3340471,2907827,432644,3149447,88342,153305,36735,957,0.870484,0.970515,0.048677,0.917782,2.097942603562915,2.1782579079354347,1.578296918585843,1.4893193401117941
SNP,PASS,3340471,2907827,432644,3149447,88342,153305,36735,957,0.870484,0.970515,0.048677,0.917782,2.097942603562915,2.1782579079354347,1.578296918585843,1.4893193401117941
