Type,Filter,TRUTH.TOTAL,TRUTH.TP,TRUTH.FN,QUERY.TOTAL,QUERY.FP,QUERY.UNK,FP.gt,FP.al,METRIC.Recall,METRIC.Precision,METRIC.Frac_NA,METRIC.F1_Score,TRUTH.TOTAL.TiTv_ratio,QUERY.TOTAL.TiTv_ratio,TRUTH.TOTAL.het_hom_ratio,QUERY.TOTAL.het_hom_ratio
INDEL,ALL,522389,209640,312749,253535,9020,34855,2613,1294,0.40131,0.9587530000000001,0.137476,0.565793,,,1.5140117576138536,1.4574012328926453
INDEL,PASS,522389,209640,312749,253535,9020,34855,2613,1294,0.40131,0.9587530000000001,0.137476,0.565793,,,1.5140117576138536,1.4574012328926453
SNP,ALL,3352679,2926451,426228,3139547,76379,136752,32907,783,0.872869,0.974564,0.043558,0.920918,2.0975722178140814,2.1809244654465285,1.5743345845517158,1.4925902225553214
SNP,PASS,3352679,2926451,426228,3139547,76379,136752,32907,783,0.872869,0.974564,0.043558,0.920918,2.0975722178140814,2.1809244654465285,1.5743345845517158,1.4925902225553214
