Type,Filter,TRUTH.TOTAL,TRUTH.TP,TRUTH.FN,QUERY.TOTAL,QUERY.FP,QUERY.UNK,FP.gt,FP.al,METRIC.Recall,METRIC.Precision,METRIC.Frac_NA,METRIC.F1_Score,TRUTH.TOTAL.TiTv_ratio,QUERY.TOTAL.TiTv_ratio,TRUTH.TOTAL.het_hom_ratio,QUERY.TOTAL.het_hom_ratio
INDEL,ALL,500793,205772,295021,251054,7283,37977,2334,1113,0.41089200000000003,0.9658200000000001,0.15127000000000002,0.576516,,,1.4790521868945146,1.407683750191806
INDEL,PASS,500793,205772,295021,251054,7283,37977,2334,1113,0.41089200000000003,0.9658200000000001,0.15127000000000002,0.576516,,,1.4790521868945146,1.407683750191806
SNP,ALL,3314143,2906530,407613,3115359,60143,148721,28526,667,0.877008,0.979727,0.047738,0.9255260000000001,2.100052932616592,2.1820191185137445,1.5296134232553806,1.4489698217921405
SNP,PASS,3314143,2906530,407613,3115359,60143,148721,28526,667,0.877008,0.979727,0.047738,0.9255260000000001,2.100052932616592,2.1820191185137445,1.5296134232553806,1.4489698217921405
