Type,Filter,TRUTH.TOTAL,TRUTH.TP,TRUTH.FN,QUERY.TOTAL,QUERY.FP,QUERY.UNK,FP.gt,FP.al,METRIC.Recall,METRIC.Precision,METRIC.Frac_NA,METRIC.F1_Score,TRUTH.TOTAL.TiTv_ratio,QUERY.TOTAL.TiTv_ratio,TRUTH.TOTAL.het_hom_ratio,QUERY.TOTAL.het_hom_ratio
INDEL,ALL,508274,205695,302579,253751,9940,38096,2941,1400,0.40469299999999997,0.953908,0.150131,0.56829,,,1.5010726729322714,1.4394677895384498
INDEL,PASS,508274,205695,302579,253751,9940,38096,2941,1400,0.40469299999999997,0.953908,0.150131,0.56829,,,1.5010726729322714,1.4394677895384498
SNP,ALL,3340471,2907802,432669,3149698,88615,153306,36753,961,0.8704770000000001,0.970426,0.048673,0.9177379999999999,2.097942603562915,2.1783444182416116,1.578296918585843,1.4894291863370188
SNP,PASS,3340471,2907802,432669,3149698,88615,153306,36753,961,0.8704770000000001,0.970426,0.048673,0.9177379999999999,2.097942603562915,2.1783444182416116,1.578296918585843,1.4894291863370188
