Type,Filter,TRUTH.TOTAL,TRUTH.TP,TRUTH.FN,QUERY.TOTAL,QUERY.FP,QUERY.UNK,FP.gt,FP.al,METRIC.Recall,METRIC.Precision,METRIC.Frac_NA,METRIC.F1_Score,TRUTH.TOTAL.TiTv_ratio,QUERY.TOTAL.TiTv_ratio,TRUTH.TOTAL.het_hom_ratio,QUERY.TOTAL.het_hom_ratio
INDEL,ALL,500793,205778,295015,251111,7308,38003,2339,1118,0.410904,0.965708,0.151339,0.576507,,,1.4790521868945146,1.4085306784066602
INDEL,PASS,500793,205778,295015,251111,7308,38003,2339,1118,0.410904,0.965708,0.151339,0.576507,,,1.4790521868945146,1.4085306784066602
SNP,ALL,3314143,2906775,407368,3115586,60103,148743,28469,664,0.8770819999999999,0.979742,0.047742,0.925574,2.100052932616592,2.1819812201394293,1.5296134232553806,1.4491848460526802
SNP,PASS,3314143,2906775,407368,3115586,60103,148743,28469,664,0.8770819999999999,0.979742,0.047742,0.925574,2.100052932616592,2.1819812201394293,1.5296134232553806,1.4491848460526802
