Type,Filter,TRUTH.TOTAL,TRUTH.TP,TRUTH.FN,QUERY.TOTAL,QUERY.FP,QUERY.UNK,FP.gt,FP.al,METRIC.Recall,METRIC.Precision,METRIC.Frac_NA,METRIC.F1_Score,TRUTH.TOTAL.TiTv_ratio,QUERY.TOTAL.TiTv_ratio,TRUTH.TOTAL.het_hom_ratio,QUERY.TOTAL.het_hom_ratio
INDEL,ALL,690,639,51,1054,71,342,13,15,0.9260870000000001,0.900281,0.32447800000000004,0.9130020000000001,,,1.0581039755351682,1.3916083916083917
INDEL,PASS,690,636,54,1028,62,328,13,14,0.921739,0.911429,0.31906599999999996,0.9165549999999999,,,1.0581039755351682,1.331002331002331
SNP,ALL,22589,22163,426,25599,414,3022,47,7,0.981141,0.981663,0.118051,0.981402,2.9636842105263157,2.830964846671653,1.5521645755623374,1.666701417848207
SNP,PASS,22589,21870,719,24351,211,2270,35,7,0.9681700000000001,0.9904440000000001,0.09322000000000001,0.979181,2.9636842105263157,2.880535202293724,1.5521645755623374,1.6406555242023009
