Type,Filter,TRUTH.TOTAL,TRUTH.TP,TRUTH.FN,QUERY.TOTAL,QUERY.FP,QUERY.UNK,FP.gt,FP.al,METRIC.Recall,METRIC.Precision,METRIC.Frac_NA,METRIC.F1_Score,TRUTH.TOTAL.TiTv_ratio,QUERY.TOTAL.TiTv_ratio,TRUTH.TOTAL.het_hom_ratio,QUERY.TOTAL.het_hom_ratio
INDEL,ALL,690,634,56,1014,57,321,7,9,0.918841,0.9177489999999999,0.31656799999999996,0.918294,,,1.0581039755351682,1.310747663551402
INDEL,PASS,690,634,56,995,48,311,7,9,0.918841,0.929825,0.31256300000000004,0.9243,,,1.0581039755351682,1.266355140186916
SNP,ALL,22589,22099,490,25522,437,2986,56,7,0.978308,0.9806090000000001,0.116997,0.979457,2.9636842105263157,2.834785220787023,1.5521645755623374,1.6499376558603491
SNP,PASS,22589,21784,805,24293,235,2274,46,7,0.964363,0.9893270000000001,0.09360700000000001,0.976686,2.9636842105263157,2.88537170263789,1.5521645755623374,1.6287632661901668
