Type,Filter,TRUTH.TOTAL,TRUTH.TP,TRUTH.FN,QUERY.TOTAL,QUERY.FP,QUERY.UNK,FP.gt,FP.al,METRIC.Recall,METRIC.Precision,METRIC.Frac_NA,METRIC.F1_Score,TRUTH.TOTAL.TiTv_ratio,QUERY.TOTAL.TiTv_ratio,TRUTH.TOTAL.het_hom_ratio,QUERY.TOTAL.het_hom_ratio
INDEL,ALL,690,634,56,1016,64,316,8,16,0.918841,0.9085709999999999,0.31102399999999997,0.9136770000000001,,,1.0581039755351682,1.3675417661097853
INDEL,PASS,690,634,56,1003,56,311,8,15,0.918841,0.919075,0.31006999999999996,0.9189579999999999,,,1.0581039755351682,1.3365155131264916
SNP,ALL,22589,22171,418,25557,388,2998,43,7,0.9814950000000001,0.982801,0.117306,0.9821479999999999,2.9636842105263157,2.8327087393194423,1.5521645755623374,1.6624270225187656
SNP,PASS,22589,21863,726,24319,213,2243,33,7,0.96786,0.990352,0.09223200000000001,0.9789770000000001,2.9636842105263157,2.8791454081632653,1.5521645755623374,1.6378636561007383
