Type,Filter,TRUTH.TOTAL,TRUTH.TP,TRUTH.FN,QUERY.TOTAL,QUERY.FP,QUERY.UNK,FP.gt,FP.al,METRIC.Recall,METRIC.Precision,METRIC.Frac_NA,METRIC.F1_Score,TRUTH.TOTAL.TiTv_ratio,QUERY.TOTAL.TiTv_ratio,TRUTH.TOTAL.het_hom_ratio,QUERY.TOTAL.het_hom_ratio
INDEL,ALL,690,632,58,1026,59,333,6,11,0.915942,0.9148629999999999,0.324561,0.915402,,,1.0581039755351682,1.39618138424821
INDEL,PASS,690,631,59,1001,49,319,6,9,0.914493,0.9281520000000001,0.318681,0.921272,,,1.0581039755351682,1.3365155131264916
SNP,ALL,22589,22182,407,25644,414,3048,46,8,0.981982,0.981678,0.11885799999999999,0.98183,2.9636842105263157,2.824836016696482,1.5521645755623374,1.6733096828046745
SNP,PASS,22589,21848,741,24322,207,2267,33,7,0.967196,0.990614,0.093208,0.978765,2.9636842105263157,2.8773103887826643,1.5521645755623374,1.6441784548422198
