Type,Filter,TRUTH.TOTAL,TRUTH.TP,TRUTH.FN,QUERY.TOTAL,QUERY.FP,QUERY.UNK,FP.gt,FP.al,METRIC.Recall,METRIC.Precision,METRIC.Frac_NA,METRIC.F1_Score,TRUTH.TOTAL.TiTv_ratio,QUERY.TOTAL.TiTv_ratio,TRUTH.TOTAL.het_hom_ratio,QUERY.TOTAL.het_hom_ratio
INDEL,ALL,643,598,45,988,53,331,6,13,0.930016,0.91933,0.33502,0.924642,,,0.9904458598726115,1.3880597014925373
INDEL,PASS,643,598,45,955,44,307,6,13,0.930016,0.932099,0.321466,0.931056,,,0.9904458598726115,1.3059701492537314
SNP,ALL,22543,22104,439,25675,387,3193,53,4,0.980526,0.982786,0.12436199999999999,0.9816549999999999,2.9467973398669933,2.8180737217598097,1.6274052478134111,1.6996737872250869
SNP,PASS,22543,21799,744,24399,210,2399,35,4,0.966996,0.990455,0.098324,0.978585,2.9467973398669933,2.85290404040404,1.6274052478134111,1.690244979033326
