Type,Filter,TRUTH.TOTAL,TRUTH.TP,TRUTH.FN,QUERY.TOTAL,QUERY.FP,QUERY.UNK,FP.gt,FP.al,METRIC.Recall,METRIC.Precision,METRIC.Frac_NA,METRIC.F1_Score,TRUTH.TOTAL.TiTv_ratio,QUERY.TOTAL.TiTv_ratio,TRUTH.TOTAL.het_hom_ratio,QUERY.TOTAL.het_hom_ratio
INDEL,ALL,682,633,49,1029,73,321,11,14,0.9281520000000001,0.896893,0.31195300000000004,0.9122549999999999,,,0.9881656804733728,1.3815165876777251
INDEL,PASS,682,632,50,1000,58,308,11,13,0.926686,0.916185,0.308,0.921406,,,0.9881656804733728,1.3127962085308056
SNP,ALL,22743,22321,422,25538,420,2799,47,1,0.9814450000000001,0.9815299999999999,0.109601,0.9814870000000001,2.96411149825784,2.8424297098180724,1.5847833503923576,1.6906444467883135
SNP,PASS,22743,21991,752,24216,190,2037,35,0,0.966935,0.991433,0.084118,0.979031,2.96411149825784,2.883031565454254,1.5847833503923576,1.656562328390994
