Type,Filter,TRUTH.TOTAL,TRUTH.TP,TRUTH.FN,QUERY.TOTAL,QUERY.FP,QUERY.UNK,FP.gt,FP.al,METRIC.Recall,METRIC.Precision,METRIC.Frac_NA,METRIC.F1_Score,TRUTH.TOTAL.TiTv_ratio,QUERY.TOTAL.TiTv_ratio,TRUTH.TOTAL.het_hom_ratio,QUERY.TOTAL.het_hom_ratio
INDEL,ALL,682,628,54,1025,73,322,13,12,0.9208209999999999,0.896159,0.314146,0.908323,,,0.9881656804733728,1.3890214797136038
INDEL,PASS,682,627,55,1000,64,307,13,11,0.9193549999999999,0.907648,0.307,0.9134639999999999,,,0.9881656804733728,1.3293556085918854
SNP,ALL,22743,22271,472,25462,408,2785,62,2,0.979246,0.982008,0.10937899999999999,0.980625,2.96411149825784,2.844575222574317,1.5847833503923576,1.6847493403693932
SNP,PASS,22743,21946,797,24164,216,2004,52,0,0.9649559999999999,0.990253,0.082933,0.977441,2.96411149825784,2.888084901109503,1.5847833503923576,1.6547893984383593
