Type,Filter,TRUTH.TOTAL,TRUTH.TP,TRUTH.FN,QUERY.TOTAL,QUERY.FP,QUERY.UNK,FP.gt,FP.al,METRIC.Recall,METRIC.Precision,METRIC.Frac_NA,METRIC.F1_Score,TRUTH.TOTAL.TiTv_ratio,QUERY.TOTAL.TiTv_ratio,TRUTH.TOTAL.het_hom_ratio,QUERY.TOTAL.het_hom_ratio
INDEL,ALL,682,636,46,1010,64,308,8,12,0.932551,0.908832,0.30495,0.920539,,,0.9881656804733728,1.33729216152019
INDEL,PASS,682,636,46,987,50,299,8,11,0.932551,0.927326,0.302938,0.929931,,,0.9881656804733728,1.2826603325415677
SNP,ALL,22743,22310,433,25545,449,2788,48,1,0.9809610000000001,0.9802700000000001,0.109141,0.980615,2.96411149825784,2.8388646943985583,1.5847833503923576,1.6831037745768058
SNP,PASS,22743,22012,731,24276,240,2026,35,0,0.967858,0.9892129999999999,0.083457,0.978419,2.96411149825784,2.887662025924148,1.5847833503923576,1.6546250684181718
