Type,Filter,TRUTH.TOTAL,TRUTH.TP,TRUTH.FN,QUERY.TOTAL,QUERY.FP,QUERY.UNK,FP.gt,FP.al,METRIC.Recall,METRIC.Precision,METRIC.Frac_NA,METRIC.F1_Score,TRUTH.TOTAL.TiTv_ratio,QUERY.TOTAL.TiTv_ratio,TRUTH.TOTAL.het_hom_ratio,QUERY.TOTAL.het_hom_ratio
INDEL,ALL,643,608,35,1009,58,337,6,11,0.9455680000000001,0.91369,0.333994,0.929356,,,0.9904458598726115,1.3960880195599021
INDEL,PASS,643,607,36,973,43,317,6,10,0.9440120000000001,0.934451,0.325797,0.939207,,,0.9904458598726115,1.3080684596577017
SNP,ALL,22543,22137,406,25858,391,3339,52,2,0.9819899999999999,0.9826370000000001,0.129128,0.9823129999999999,2.9467973398669933,2.800499485823417,1.6274052478134111,1.7113326337880377
SNP,PASS,22543,21827,716,24428,202,2408,34,2,0.9682379999999999,0.990827,0.098575,0.979402,2.9467973398669933,2.831164759366672,1.6274052478134111,1.687438071121876
