Type,Filter,TRUTH.TOTAL,TRUTH.TP,TRUTH.FN,QUERY.TOTAL,QUERY.FP,QUERY.UNK,FP.gt,FP.al,METRIC.Recall,METRIC.Precision,METRIC.Frac_NA,METRIC.F1_Score,TRUTH.TOTAL.TiTv_ratio,QUERY.TOTAL.TiTv_ratio,TRUTH.TOTAL.het_hom_ratio,QUERY.TOTAL.het_hom_ratio
INDEL,ALL,682,634,48,1016,66,314,10,12,0.9296190000000001,0.905983,0.309055,0.9176489999999999,,,0.9881656804733728,1.3491686460807601
INDEL,PASS,682,634,48,983,50,297,10,12,0.9296190000000001,0.927114,0.302136,0.928365,,,0.9881656804733728,1.2707838479809976
SNP,ALL,22743,22244,499,25431,466,2723,61,2,0.978059,0.9794790000000001,0.107074,0.9787680000000001,2.96411149825784,2.846130592503023,1.5847833503923576,1.680168776371308
SNP,PASS,22743,21959,784,24191,241,1993,49,1,0.965528,0.989143,0.082386,0.977193,2.96411149825784,2.8903889424622307,1.5847833503923576,1.6392923446543628
