Type,Filter,TRUTH.TOTAL,TRUTH.TP,TRUTH.FN,QUERY.TOTAL,QUERY.FP,QUERY.UNK,FP.gt,FP.al,METRIC.Recall,METRIC.Precision,METRIC.Frac_NA,METRIC.F1_Score,TRUTH.TOTAL.TiTv_ratio,QUERY.TOTAL.TiTv_ratio,TRUTH.TOTAL.het_hom_ratio,QUERY.TOTAL.het_hom_ratio
INDEL,ALL,643,596,47,983,54,327,3,12,0.926905,0.917683,0.33265500000000003,0.922271,,,0.9904458598726115,1.3580246913580247
INDEL,PASS,643,596,47,953,42,309,3,11,0.926905,0.934783,0.324239,0.9308270000000001,,,0.9904458598726115,1.2839506172839505
SNP,ALL,22543,22055,488,25635,413,3176,62,5,0.978352,0.981611,0.123893,0.979979,2.9467973398669933,2.823494335122242,1.6274052478134111,1.699831365935919
SNP,PASS,22543,21776,767,24391,218,2406,32,5,0.9659760000000001,0.990084,0.098643,0.9778819999999999,2.9467973398669933,2.855292259083728,1.6274052478134111,1.680008797009017
