Type,Filter,TRUTH.TOTAL,TRUTH.TP,TRUTH.FN,QUERY.TOTAL,QUERY.FP,QUERY.UNK,FP.gt,FP.al,METRIC.Recall,METRIC.Precision,METRIC.Frac_NA,METRIC.F1_Score,TRUTH.TOTAL.TiTv_ratio,QUERY.TOTAL.TiTv_ratio,TRUTH.TOTAL.het_hom_ratio,QUERY.TOTAL.het_hom_ratio
INDEL,ALL,643,592,51,973,48,327,3,10,0.9206840000000001,0.9256969999999999,0.336074,0.923184,,,0.9904458598726115,1.2929782082324455
INDEL,PASS,643,592,51,942,34,310,3,9,0.9206840000000001,0.946203,0.32908699999999996,0.933269,,,0.9904458598726115,1.2179176755447942
SNP,ALL,22543,22038,505,25573,377,3167,66,3,0.977598,0.983174,0.12384200000000001,0.9803780000000001,2.9467973398669933,2.8277977259126272,1.6274052478134111,1.6918782260613083
SNP,PASS,22543,21769,774,24337,197,2380,45,3,0.965666,0.991028,0.09779299999999999,0.978182,2.9467973398669933,2.8594071960691076,1.6274052478134111,1.6761307362165732
