Type,Filter,TRUTH.TOTAL,TRUTH.TP,TRUTH.FN,QUERY.TOTAL,QUERY.FP,QUERY.UNK,FP.gt,FP.al,METRIC.Recall,METRIC.Precision,METRIC.Frac_NA,METRIC.F1_Score,TRUTH.TOTAL.TiTv_ratio,QUERY.TOTAL.TiTv_ratio,TRUTH.TOTAL.het_hom_ratio,QUERY.TOTAL.het_hom_ratio
INDEL,ALL,690,627,63,1010,62,319,12,12,0.908696,0.910275,0.315842,0.909485,,,1.0581039755351682,1.3270588235294118
INDEL,PASS,690,627,63,988,55,304,12,10,0.908696,0.9195909999999999,0.307692,0.914111,,,1.0581039755351682,1.275294117647059
SNP,ALL,22589,22070,519,25426,408,2948,51,7,0.977024,0.981849,0.115944,0.9794309999999999,2.9636842105263157,2.8402777777777777,1.5521645755623374,1.6423296931877276
SNP,PASS,22589,21778,811,24289,236,2275,38,7,0.964098,0.9892799999999999,0.093664,0.976526,2.9636842105263157,2.873286579534587,1.5521645755623374,1.629645682089067
