Type,Filter,TRUTH.TOTAL,TRUTH.TP,TRUTH.FN,QUERY.TOTAL,QUERY.FP,QUERY.UNK,FP.gt,FP.al,METRIC.Recall,METRIC.Precision,METRIC.Frac_NA,METRIC.F1_Score,TRUTH.TOTAL.TiTv_ratio,QUERY.TOTAL.TiTv_ratio,TRUTH.TOTAL.het_hom_ratio,QUERY.TOTAL.het_hom_ratio
INDEL,ALL,643,590,53,970,44,330,6,8,0.917574,0.93125,0.340206,0.9243610000000001,,,0.9904458598726115,1.3041362530413625
INDEL,PASS,643,590,53,952,39,317,6,8,0.917574,0.938583,0.332983,0.927959,,,0.9904458598726115,1.2603406326034063
SNP,ALL,22543,22025,518,25537,388,3133,52,1,0.977022,0.9826819999999999,0.12268499999999999,0.979844,2.9467973398669933,2.825273244497679,1.6274052478134111,1.6929084001688477
SNP,PASS,22543,21719,824,24305,204,2391,36,1,0.963448,0.990691,0.098375,0.976879,2.9467973398669933,2.8512828634779854,1.6274052478134111,1.685910196859102
