Type,Filter,TRUTH.TOTAL,TRUTH.TP,TRUTH.FN,QUERY.TOTAL,QUERY.FP,QUERY.UNK,FP.gt,FP.al,METRIC.Recall,METRIC.Precision,METRIC.Frac_NA,METRIC.F1_Score,TRUTH.TOTAL.TiTv_ratio,QUERY.TOTAL.TiTv_ratio,TRUTH.TOTAL.het_hom_ratio,QUERY.TOTAL.het_hom_ratio
INDEL,ALL,682,623,59,1028,69,334,11,9,0.9134899999999999,0.900576,0.324903,0.9069870000000001,,,0.9881656804733728,1.4038461538461537
INDEL,PASS,682,623,59,997,56,316,11,8,0.9134899999999999,0.917768,0.31695100000000004,0.915624,,,0.9881656804733728,1.3293269230769231
SNP,ALL,22743,22246,497,25417,422,2751,57,1,0.978147,0.981382,0.10823499999999998,0.9797620000000001,2.96411149825784,2.845328091926217,1.5847833503923576,1.673334035161596
SNP,PASS,22743,21924,819,24166,226,2018,45,0,0.963989,0.9897959999999999,0.083506,0.976722,2.96411149825784,2.8840346932219725,1.5847833503923576,1.646388249479338
