Type,Filter,TRUTH.TOTAL,TRUTH.TP,TRUTH.FN,QUERY.TOTAL,QUERY.FP,QUERY.UNK,FP.gt,FP.al,METRIC.Recall,METRIC.Precision,METRIC.Frac_NA,METRIC.F1_Score,TRUTH.TOTAL.TiTv_ratio,QUERY.TOTAL.TiTv_ratio,TRUTH.TOTAL.het_hom_ratio,QUERY.TOTAL.het_hom_ratio
INDEL,ALL,690,625,65,1018,68,323,11,18,0.905797,0.902158,0.317289,0.9039739999999999,,,1.0581039755351682,1.3333333333333333
INDEL,PASS,690,624,66,995,57,312,11,14,0.9043479999999999,0.916545,0.31356799999999996,0.9104049999999999,,,1.0581039755351682,1.2793427230046948
SNP,ALL,22589,22117,472,25560,418,3025,47,8,0.9791049999999999,0.9814510000000001,0.118349,0.9802770000000001,2.9636842105263157,2.8377607684226325,1.5521645755623374,1.66280888332812
SNP,PASS,22589,21814,775,24315,221,2280,34,8,0.965691,0.9899709999999999,0.093769,0.9776799999999999,2.9636842105263157,2.87896667198214,1.5521645755623374,1.6447855432179403
