Type,Filter,TRUTH.TOTAL,TRUTH.TP,TRUTH.FN,QUERY.TOTAL,QUERY.FP,QUERY.UNK,FP.gt,FP.al,METRIC.Recall,METRIC.Precision,METRIC.Frac_NA,METRIC.F1_Score,TRUTH.TOTAL.TiTv_ratio,QUERY.TOTAL.TiTv_ratio,TRUTH.TOTAL.het_hom_ratio,QUERY.TOTAL.het_hom_ratio
INDEL,ALL,682,645,37,1030,51,332,8,7,0.9457479999999999,0.926934,0.32233,0.9362459999999999,,,0.9881656804733728,1.3263888888888888
INDEL,PASS,682,645,37,1006,43,316,8,6,0.9457479999999999,0.937681,0.31411500000000003,0.9416969999999999,,,0.9881656804733728,1.2708333333333333
SNP,ALL,22743,22371,372,25637,431,2837,48,1,0.983643,0.981096,0.11066,0.982368,2.96411149825784,2.828805970149254,1.5847833503923576,1.6904411764705882
SNP,PASS,22743,22103,640,24381,222,2058,34,0,0.971859,0.9900549999999999,0.08441,0.980873,2.96411149825784,2.882399745385105,1.5847833503923576,1.6512463263306847
