Type,Filter,TRUTH.TOTAL,TRUTH.TP,TRUTH.FN,QUERY.TOTAL,QUERY.FP,QUERY.UNK,FP.gt,FP.al,METRIC.Recall,METRIC.Precision,METRIC.Frac_NA,METRIC.F1_Score,TRUTH.TOTAL.TiTv_ratio,QUERY.TOTAL.TiTv_ratio,TRUTH.TOTAL.het_hom_ratio,QUERY.TOTAL.het_hom_ratio
INDEL,ALL,643,604,39,986,43,333,6,7,0.9393469999999999,0.93415,0.33772800000000003,0.9367409999999999,,,0.9904458598726115,1.3236714975845412
INDEL,PASS,643,603,40,966,40,317,6,6,0.937792,0.9383670000000001,0.32815700000000003,0.9380790000000001,,,0.9904458598726115,1.2753623188405796
SNP,ALL,22543,22150,393,25729,382,3206,46,1,0.982567,0.9830399999999999,0.124606,0.9828030000000001,2.9467973398669933,2.8099467140319714,1.6274052478134111,1.7011977306156756
SNP,PASS,22543,21890,653,24499,194,2424,29,0,0.971033,0.9912120000000001,0.09894299999999999,0.9810190000000001,2.9467973398669933,2.835680751173709,1.6274052478134111,1.6863820915176122
