Type,Filter,TRUTH.TOTAL,TRUTH.TP,TRUTH.FN,QUERY.TOTAL,QUERY.FP,QUERY.UNK,FP.gt,FP.al,METRIC.Recall,METRIC.Precision,METRIC.Frac_NA,METRIC.F1_Score,TRUTH.TOTAL.TiTv_ratio,QUERY.TOTAL.TiTv_ratio,TRUTH.TOTAL.het_hom_ratio,QUERY.TOTAL.het_hom_ratio
INDEL,ALL,643,610,33,1003,41,346,4,8,0.948678,0.9375950000000001,0.344965,0.943104,,,0.9904458598726115,1.2621809744779582
INDEL,PASS,643,609,34,977,33,329,4,8,0.9471229999999999,0.949074,0.33674499999999996,0.948097,,,0.9904458598726115,1.2018561484918793
SNP,ALL,22543,22167,376,25812,405,3249,49,4,0.9833209999999999,0.98205,0.125872,0.982685,2.9467973398669933,2.8011480718280835,1.6274052478134111,1.708495222093878
SNP,PASS,22543,21919,624,24550,200,2440,24,4,0.9723200000000001,0.9909540000000001,0.099389,0.981549,2.9467973398669933,2.8349726775956285,1.6274052478134111,1.682449425915801
