Type,Filter,TRUTH.TOTAL,TRUTH.TP,TRUTH.FN,QUERY.TOTAL,QUERY.FP,QUERY.UNK,FP.gt,FP.al,METRIC.Recall,METRIC.Precision,METRIC.Frac_NA,METRIC.F1_Score,TRUTH.TOTAL.TiTv_ratio,QUERY.TOTAL.TiTv_ratio,TRUTH.TOTAL.het_hom_ratio,QUERY.TOTAL.het_hom_ratio
INDEL,ALL,690,644,46,1031,48,337,5,9,0.933333,0.9308360000000001,0.326867,0.932083,,,1.0581039755351682,1.3096330275229358
INDEL,PASS,690,644,46,1013,44,323,5,9,0.933333,0.936232,0.318855,0.9347799999999999,,,1.0581039755351682,1.268348623853211
SNP,ALL,22589,22196,393,25742,439,3107,45,7,0.9826020000000001,0.980605,0.120698,0.9816030000000001,2.9636842105263157,2.824324324324324,1.5521645755623374,1.6637323943661972
SNP,PASS,22589,21904,685,24457,235,2318,35,7,0.969676,0.9893850000000001,0.094779,0.9794309999999999,2.9636842105263157,2.8751979727589485,1.5521645755623374,1.6337572752748437
