Type,Filter,TRUTH.TOTAL,TRUTH.TP,TRUTH.FN,QUERY.TOTAL,QUERY.FP,QUERY.UNK,FP.gt,FP.al,METRIC.Recall,METRIC.Precision,METRIC.Frac_NA,METRIC.F1_Score,TRUTH.TOTAL.TiTv_ratio,QUERY.TOTAL.TiTv_ratio,TRUTH.TOTAL.het_hom_ratio,QUERY.TOTAL.het_hom_ratio
INDEL,ALL,682,634,48,1039,63,340,10,7,0.9296190000000001,0.9098709999999999,0.32723800000000003,0.919639,,,0.9881656804733728,1.3981042654028435
INDEL,PASS,682,634,48,997,47,314,10,7,0.9296190000000001,0.9311860000000001,0.314945,0.9304020000000001,,,0.9881656804733728,1.2985781990521328
SNP,ALL,22743,22351,392,25629,445,2835,49,1,0.982764,0.980477,0.11061700000000001,0.981619,2.96411149825784,2.8321876867901974,1.5847833503923576,1.6893183489129293
SNP,PASS,22743,22063,680,24374,241,2072,38,0,0.970101,0.989194,0.085009,0.979554,2.96411149825784,2.8782000318015584,1.5847833503923576,1.6525054466230937
