Type,Filter,TRUTH.TOTAL,TRUTH.TP,TRUTH.FN,QUERY.TOTAL,QUERY.FP,QUERY.UNK,FP.gt,FP.al,METRIC.Recall,METRIC.Precision,METRIC.Frac_NA,METRIC.F1_Score,TRUTH.TOTAL.TiTv_ratio,QUERY.TOTAL.TiTv_ratio,TRUTH.TOTAL.het_hom_ratio,QUERY.TOTAL.het_hom_ratio
INDEL,ALL,690,639,51,1039,52,346,5,16,0.9260870000000001,0.9249639999999999,0.333013,0.925525,,,1.0581039755351682,1.3038548752834467
INDEL,PASS,690,638,52,1017,43,334,5,15,0.924638,0.937042,0.328417,0.9307989999999999,,,1.0581039755351682,1.253968253968254
SNP,ALL,22589,22209,380,25696,400,3087,37,8,0.9831780000000001,0.982308,0.12013499999999999,0.982743,2.9636842105263157,2.831569533462513,1.5521645755623374,1.6608290155440415
SNP,PASS,22589,21944,645,24462,210,2308,25,8,0.9714459999999999,0.9905209999999999,0.09435,0.980891,2.9636842105263157,2.8813639968279143,1.5521645755623374,1.6356480483070952
