Type,Filter,TRUTH.TOTAL,TRUTH.TP,TRUTH.FN,QUERY.TOTAL,QUERY.FP,QUERY.UNK,FP.gt,FP.al,METRIC.Recall,METRIC.Precision,METRIC.Frac_NA,METRIC.F1_Score,TRUTH.TOTAL.TiTv_ratio,QUERY.TOTAL.TiTv_ratio,TRUTH.TOTAL.het_hom_ratio,QUERY.TOTAL.het_hom_ratio
INDEL,ALL,682,640,42,1033,56,335,11,7,0.938416,0.9197709999999999,0.324298,0.929,,,0.9881656804733728,1.3156682027649769
INDEL,PASS,682,640,42,1002,43,317,11,7,0.938416,0.937226,0.316367,0.9378209999999999,,,0.9881656804733728,1.2442396313364055
SNP,ALL,22743,22352,391,25613,460,2803,44,1,0.982808,0.979833,0.10943699999999999,0.981318,2.96411149825784,2.829647340107591,1.5847833503923576,1.6945351163525324
SNP,PASS,22743,22084,659,24349,232,2035,32,0,0.971024,0.989603,0.083576,0.980225,2.96411149825784,2.8808537750876075,1.5847833503923576,1.6458559930389385
