Type,Filter,TRUTH.TOTAL,TRUTH.TP,TRUTH.FN,QUERY.TOTAL,QUERY.FP,QUERY.UNK,FP.gt,FP.al,METRIC.Recall,METRIC.Precision,METRIC.Frac_NA,METRIC.F1_Score,TRUTH.TOTAL.TiTv_ratio,QUERY.TOTAL.TiTv_ratio,TRUTH.TOTAL.het_hom_ratio,QUERY.TOTAL.het_hom_ratio
INDEL,ALL,643,616,27,1004,42,340,2,8,0.958009,0.9367469999999999,0.338645,0.947259,,,0.9904458598726115,1.2773892773892774
INDEL,PASS,643,616,27,968,25,321,2,6,0.958009,0.96136,0.33161199999999996,0.9596819999999999,,,0.9904458598726115,1.1934731934731935
SNP,ALL,22543,22151,392,25811,408,3261,60,4,0.982611,0.981907,0.126341,0.982259,2.9467973398669933,2.8087020648967553,1.6274052478134111,1.7086746481831547
SNP,PASS,22543,21896,647,24533,219,2427,40,4,0.971299,0.990093,0.098928,0.980606,2.9467973398669933,2.8387550828902097,1.6274052478134111,1.6849945235487405
