Type,Filter,TRUTH.TOTAL,TRUTH.TP,TRUTH.FN,QUERY.TOTAL,QUERY.FP,QUERY.UNK,FP.gt,FP.al,METRIC.Recall,METRIC.Precision,METRIC.Frac_NA,METRIC.F1_Score,TRUTH.TOTAL.TiTv_ratio,QUERY.TOTAL.TiTv_ratio,TRUTH.TOTAL.het_hom_ratio,QUERY.TOTAL.het_hom_ratio
INDEL,ALL,682,642,40,1055,66,345,9,13,0.941349,0.907042,0.32701399999999997,0.9238770000000001,,,0.9881656804733728,1.368663594470046
INDEL,PASS,682,641,41,1023,51,329,9,12,0.939883,0.9265129999999999,0.321603,0.93315,,,0.9881656804733728,1.294930875576037
SNP,ALL,22743,22382,361,25700,451,2869,48,1,0.9841270000000001,0.980246,0.111634,0.982183,2.96411149825784,2.836217183770883,1.5847833503923576,1.7018522416333404
SNP,PASS,22743,22098,645,24363,201,2066,35,0,0.97164,0.990985,0.084801,0.981217,2.96411149825784,2.874920534011443,1.5847833503923576,1.6535819430814525
