Type,Filter,TRUTH.TOTAL,TRUTH.TP,TRUTH.FN,QUERY.TOTAL,QUERY.FP,QUERY.UNK,FP.gt,FP.al,METRIC.Recall,METRIC.Precision,METRIC.Frac_NA,METRIC.F1_Score,TRUTH.TOTAL.TiTv_ratio,QUERY.TOTAL.TiTv_ratio,TRUTH.TOTAL.het_hom_ratio,QUERY.TOTAL.het_hom_ratio
INDEL,ALL,690,637,53,1039,56,344,9,11,0.9231879999999999,0.919424,0.331088,0.9213030000000001,,,1.0581039755351682,1.3441108545034641
INDEL,PASS,690,636,54,1019,51,330,9,10,0.921739,0.9259799999999999,0.323847,0.923855,,,1.0581039755351682,1.297921478060046
SNP,ALL,22589,22195,394,25675,419,3061,41,10,0.982558,0.9814719999999999,0.11922100000000001,0.9820139999999999,2.9636842105263157,2.822890311058193,1.5521645755623374,1.6559006211180125
SNP,PASS,22589,21941,648,24528,238,2349,28,8,0.9713129999999999,0.9892690000000001,0.09576799999999999,0.980209,2.9636842105263157,2.8638009762242165,1.5521645755623374,1.6365103270223753
