Type,Filter,TRUTH.TOTAL,TRUTH.TP,TRUTH.FN,QUERY.TOTAL,QUERY.FP,QUERY.UNK,FP.gt,FP.al,METRIC.Recall,METRIC.Precision,METRIC.Frac_NA,METRIC.F1_Score,TRUTH.TOTAL.TiTv_ratio,QUERY.TOTAL.TiTv_ratio,TRUTH.TOTAL.het_hom_ratio,QUERY.TOTAL.het_hom_ratio
INDEL,ALL,690,646,44,1068,51,369,7,8,0.936232,0.927039,0.345506,0.9316129999999999,,,1.0581039755351682,1.3681818181818182
INDEL,PASS,690,646,44,1043,46,349,7,8,0.936232,0.933718,0.33461199999999997,0.9349729999999999,,,1.0581039755351682,1.3113636363636363
SNP,ALL,22589,22254,335,25862,423,3185,34,8,0.9851700000000001,0.981347,0.123154,0.9832549999999999,2.9636842105263157,2.8128499852637785,1.5521645755623374,1.6824457593688362
SNP,PASS,22589,21948,641,24524,231,2345,26,8,0.9716229999999999,0.989585,0.095621,0.9805219999999999,2.9636842105263157,2.862112387848261,1.5521645755623374,1.6457186049022783
