Type,Filter,TRUTH.TOTAL,TRUTH.TP,TRUTH.FN,QUERY.TOTAL,QUERY.FP,QUERY.UNK,FP.gt,FP.al,METRIC.Recall,METRIC.Precision,METRIC.Frac_NA,METRIC.F1_Score,TRUTH.TOTAL.TiTv_ratio,QUERY.TOTAL.TiTv_ratio,TRUTH.TOTAL.het_hom_ratio,QUERY.TOTAL.het_hom_ratio
INDEL,ALL,690,649,41,1073,56,366,10,10,0.94058,0.920792,0.3411,0.930581,,,1.0581039755351682,1.3826879271070616
INDEL,PASS,690,648,42,1051,50,351,10,10,0.9391299999999999,0.9285709999999999,0.333968,0.9338209999999999,,,1.0581039755351682,1.3325740318906605
SNP,ALL,22589,22226,363,25745,429,3090,40,7,0.98393,0.9810639999999999,0.120023,0.9824950000000001,2.9636842105263157,2.829888475836431,1.5521645755623374,1.6727272727272726
SNP,PASS,22589,21960,629,24475,213,2302,28,7,0.9721549999999999,0.990394,0.094055,0.981189,2.9636842105263157,2.876820772640912,1.5521645755623374,1.638649115235218
