Type,Filter,TRUTH.TOTAL,TRUTH.TP,TRUTH.FN,QUERY.TOTAL,QUERY.FP,QUERY.UNK,FP.gt,FP.al,METRIC.Recall,METRIC.Precision,METRIC.Frac_NA,METRIC.F1_Score,TRUTH.TOTAL.TiTv_ratio,QUERY.TOTAL.TiTv_ratio,TRUTH.TOTAL.het_hom_ratio,QUERY.TOTAL.het_hom_ratio
INDEL,ALL,643,611,32,1016,48,351,6,13,0.950233,0.9278200000000001,0.345472,0.938893,,,0.9904458598726115,1.4087591240875912
INDEL,PASS,643,610,33,981,39,326,6,12,0.948678,0.940458,0.332314,0.94455,,,0.9904458598726115,1.3236009732360097
SNP,ALL,22543,22164,379,25852,401,3296,51,8,0.983188,0.9822219999999999,0.127495,0.9827049999999999,2.9467973398669933,2.804795528096499,1.6274052478134111,1.710882568999895
SNP,PASS,22543,21896,647,24551,219,2445,32,5,0.971299,0.990093,0.099589,0.980606,2.9467973398669933,2.843529964011892,1.6274052478134111,1.6903926299627112
