Type,Filter,TRUTH.TOTAL,TRUTH.TP,TRUTH.FN,QUERY.TOTAL,QUERY.FP,QUERY.UNK,FP.gt,FP.al,METRIC.Recall,METRIC.Precision,METRIC.Frac_NA,METRIC.F1_Score,TRUTH.TOTAL.TiTv_ratio,QUERY.TOTAL.TiTv_ratio,TRUTH.TOTAL.het_hom_ratio,QUERY.TOTAL.het_hom_ratio
INDEL,ALL,682,644,38,1043,65,332,10,8,0.944282,0.9085790000000001,0.318313,0.9260870000000001,,,0.9881656804733728,1.3674418604651162
INDEL,PASS,682,644,38,1017,56,315,10,8,0.944282,0.920228,0.309735,0.9321,,,0.9881656804733728,1.3069767441860465
SNP,ALL,22743,22357,386,25663,461,2847,55,2,0.983028,0.9797950000000001,0.11093800000000001,0.981409,2.96411149825784,2.824125093075205,1.5847833503923576,1.6968549489849585
SNP,PASS,22743,22068,675,24315,230,2019,44,0,0.9703209999999999,0.989684,0.083035,0.979907,2.96411149825784,2.8755973239885315,1.5847833503923576,1.6559151541657555
