Type,Filter,TRUTH.TOTAL,TRUTH.TP,TRUTH.FN,QUERY.TOTAL,QUERY.FP,QUERY.UNK,FP.gt,FP.al,METRIC.Recall,METRIC.Precision,METRIC.Frac_NA,METRIC.F1_Score,TRUTH.TOTAL.TiTv_ratio,QUERY.TOTAL.TiTv_ratio,TRUTH.TOTAL.het_hom_ratio,QUERY.TOTAL.het_hom_ratio
INDEL,ALL,643,617,26,1019,46,350,2,9,0.959565,0.931241,0.343474,0.94519,,,0.9904458598726115,1.3792270531400965
INDEL,PASS,643,617,26,989,34,332,2,8,0.959565,0.94825,0.33569299999999996,0.953874,,,0.9904458598726115,1.3067632850241546
SNP,ALL,22543,22195,348,25983,384,3413,45,2,0.984563,0.982986,0.131355,0.9837739999999999,2.9467973398669933,2.7946285213837396,1.6274052478134111,1.7191034771679934
SNP,PASS,22543,21910,633,24531,188,2442,27,2,0.9719200000000001,0.991489,0.099548,0.981607,2.9467973398669933,2.8321623731459797,1.6274052478134111,1.686027397260274
