Type,Filter,TRUTH.TOTAL,TRUTH.TP,TRUTH.FN,QUERY.TOTAL,QUERY.FP,QUERY.UNK,FP.gt,FP.al,METRIC.Recall,METRIC.Precision,METRIC.Frac_NA,METRIC.F1_Score,TRUTH.TOTAL.TiTv_ratio,QUERY.TOTAL.TiTv_ratio,TRUTH.TOTAL.het_hom_ratio,QUERY.TOTAL.het_hom_ratio
INDEL,ALL,690,646,44,1044,55,341,6,15,0.936232,0.9217639999999999,0.32662800000000003,0.928942,,,1.0581039755351682,1.3682983682983683
INDEL,PASS,690,646,44,1021,46,327,6,13,0.936232,0.933718,0.320274,0.9349729999999999,,,1.0581039755351682,1.3146853146853146
SNP,ALL,22589,22226,363,25724,394,3104,35,7,0.98393,0.982582,0.12066600000000001,0.9832559999999999,2.9636842105263157,2.820097966453911,1.5521645755623374,1.67283693843594
SNP,PASS,22589,21943,646,24439,203,2293,25,7,0.9714020000000001,0.990834,0.093825,0.981022,2.9636842105263157,2.8688291139240505,1.5521645755623374,1.6371098390754941
