Type,Filter,TRUTH.TOTAL,TRUTH.TP,TRUTH.FN,QUERY.TOTAL,QUERY.FP,QUERY.UNK,FP.gt,FP.al,METRIC.Recall,METRIC.Precision,METRIC.Frac_NA,METRIC.F1_Score,TRUTH.TOTAL.TiTv_ratio,QUERY.TOTAL.TiTv_ratio,TRUTH.TOTAL.het_hom_ratio,QUERY.TOTAL.het_hom_ratio
INDEL,ALL,500793,304951,195842,531504,78130,148375,25555,23106,0.6089359999999999,0.796074,0.279161,0.690042,,,1.4790521868945146,1.090942430531767
INDEL,PASS,500793,304924,195869,530985,77794,148210,25555,23062,0.6088819999999999,0.796763,0.279123,0.6902659999999999,,,1.4790521868945146,1.0888508271706934
SNP,ALL,3314143,2917331,396812,3449406,268405,263585,146767,4325,0.880267,0.91575,0.076415,0.897658,2.100052932616592,2.0296781117010534,1.5296134232553806,1.2826188830906824
SNP,PASS,3314143,2893960,420183,3403187,263238,245906,144924,4191,0.873215,0.916625,0.072258,0.894394,2.100052932616592,2.0334239396829075,1.5296134232553806,1.2916101187489435
