Type,Filter,TRUTH.TOTAL,TRUTH.TP,TRUTH.FN,QUERY.TOTAL,QUERY.FP,QUERY.UNK,FP.gt,FP.al,METRIC.Recall,METRIC.Precision,METRIC.Frac_NA,METRIC.F1_Score,TRUTH.TOTAL.TiTv_ratio,QUERY.TOTAL.TiTv_ratio,TRUTH.TOTAL.het_hom_ratio,QUERY.TOTAL.het_hom_ratio
INDEL,ALL,522389,294239,228150,497441,76354,126797,24933,21273,0.563257,0.793996,0.254899,0.659013,,,1.5140117576138536,1.1156146958776993
INDEL,PASS,522389,294219,228170,496819,75948,126593,24933,21209,0.563218,0.79486,0.254807,0.659284,,,1.5140117576138536,1.1129125450177464
SNP,ALL,3352679,2922156,430523,3465413,302727,240464,157534,4736,0.8715879999999999,0.9061299999999999,0.06939,0.888523,2.0975722178140814,2.0371896770801383,1.5743345845517158,1.3008009254371025
SNP,PASS,3352679,2898783,453896,3419314,297030,223442,155572,4599,0.864617,0.907058,0.065347,0.885329,2.0975722178140814,2.0410065154777053,1.5743345845517158,1.3110654125243872
