Type,Filter,TRUTH.TOTAL,TRUTH.TP,TRUTH.FN,QUERY.TOTAL,QUERY.FP,QUERY.UNK,FP.gt,FP.al,METRIC.Recall,METRIC.Precision,METRIC.Frac_NA,METRIC.F1_Score,TRUTH.TOTAL.TiTv_ratio,QUERY.TOTAL.TiTv_ratio,TRUTH.TOTAL.het_hom_ratio,QUERY.TOTAL.het_hom_ratio
INDEL,ALL,508274,273137,235137,463454,71026,119249,23284,19080,0.537381,0.793652,0.257305,0.640846,,,1.5010726729322714,1.0788383068454637
INDEL,PASS,508274,273129,235145,462970,70719,119079,23284,19051,0.537366,0.7943560000000001,0.257207,0.6410640000000001,,,1.5010726729322714,1.0766292093804486
SNP,ALL,3340471,2877666,462805,3453574,324527,251331,170156,4593,0.861455,0.8986559999999999,0.072774,0.879663,2.097942603562915,2.0377416072350467,1.578296918585843,1.2740904998653177
SNP,PASS,3340471,2856679,483792,3412133,319582,235820,168271,4453,0.855173,0.899386,0.069112,0.8767219999999999,2.097942603562915,2.0405719183696744,1.578296918585843,1.2845873359740438
