Type,Filter,TRUTH.TOTAL,TRUTH.TP,TRUTH.FN,QUERY.TOTAL,QUERY.FP,QUERY.UNK,FP.gt,FP.al,METRIC.Recall,METRIC.Precision,METRIC.Frac_NA,METRIC.F1_Score,TRUTH.TOTAL.TiTv_ratio,QUERY.TOTAL.TiTv_ratio,TRUTH.TOTAL.het_hom_ratio,QUERY.TOTAL.het_hom_ratio
INDEL,ALL,500793,306351,194442,536243,78992,150852,25456,23442,0.6117319999999999,0.795034,0.28131300000000004,0.691441,,,1.4790521868945146,1.104641058238522
INDEL,PASS,500793,306325,194468,535583,78560,150645,25456,23377,0.61168,0.7959149999999999,0.281273,0.6917409999999999,,,1.4790521868945146,1.1019858064723773
SNP,ALL,3314143,2921222,392921,3453827,266783,265739,144665,4376,0.881441,0.9163190000000001,0.07694,0.898542,2.100052932616592,2.0312525502660175,1.5296134232553806,1.2884215451459535
SNP,PASS,3314143,2895503,418640,3403913,261257,247073,142809,4231,0.8736809999999999,0.917241,0.072585,0.8949309999999999,2.100052932616592,2.0347434798033914,1.5296134232553806,1.2986203421519043
