Type,Filter,TRUTH.TOTAL,TRUTH.TP,TRUTH.FN,QUERY.TOTAL,QUERY.FP,QUERY.UNK,FP.gt,FP.al,METRIC.Recall,METRIC.Precision,METRIC.Frac_NA,METRIC.F1_Score,TRUTH.TOTAL.TiTv_ratio,QUERY.TOTAL.TiTv_ratio,TRUTH.TOTAL.het_hom_ratio,QUERY.TOTAL.het_hom_ratio
INDEL,ALL,508274,273789,234485,465258,71390,120038,23311,19277,0.538664,0.793204,0.25800300000000004,0.6416109999999999,,,1.5010726729322714,1.0816247546977376
INDEL,PASS,508274,273769,234505,464742,71093,119834,23311,19243,0.538625,0.793878,0.257851,0.641803,,,1.5010726729322714,1.079275316787098
SNP,ALL,3340471,2879294,461177,3454793,323267,252170,169340,4598,0.861943,0.899062,0.072991,0.8801110000000001,2.097942603562915,2.038157944486504,1.578296918585843,1.2754485968810503
SNP,PASS,3340471,2858013,482458,3412665,318249,236343,167493,4467,0.8555719999999999,0.899806,0.069255,0.877132,2.097942603562915,2.0408198720798563,1.578296918585843,1.2858588964658797
