Type,Filter,TRUTH.TOTAL,TRUTH.TP,TRUTH.FN,QUERY.TOTAL,QUERY.FP,QUERY.UNK,FP.gt,FP.al,METRIC.Recall,METRIC.Precision,METRIC.Frac_NA,METRIC.F1_Score,TRUTH.TOTAL.TiTv_ratio,QUERY.TOTAL.TiTv_ratio,TRUTH.TOTAL.het_hom_ratio,QUERY.TOTAL.het_hom_ratio
INDEL,ALL,522389,295368,227021,500325,76592,128315,24879,21535,0.565418,0.794113,0.256463,0.6605300000000001,,,1.5140117576138536,1.121006830891048
INDEL,PASS,522389,295340,227049,499629,76128,128102,24879,21467,0.565364,0.795094,0.256394,0.660833,,,1.5140117576138536,1.1179920558946215
SNP,ALL,3352679,2923435,429244,3465990,301381,241105,156989,4748,0.87197,0.906545,0.069563,0.888921,2.0975722178140814,2.0370460903337952,1.5743345845517158,1.301658834664497
SNP,PASS,3352679,2898871,453808,3418499,295798,223765,155037,4606,0.864643,0.9074110000000001,0.065457,0.885511,2.0975722178140814,2.040604572983645,1.5743345845517158,1.3130306141301296
