Type,Filter,TRUTH.TOTAL,TRUTH.TP,TRUTH.FN,QUERY.TOTAL,QUERY.FP,QUERY.UNK,FP.gt,FP.al,METRIC.Recall,METRIC.Precision,METRIC.Frac_NA,METRIC.F1_Score,TRUTH.TOTAL.TiTv_ratio,QUERY.TOTAL.TiTv_ratio,TRUTH.TOTAL.het_hom_ratio,QUERY.TOTAL.het_hom_ratio
INDEL,ALL,522389,294965,227424,499078,76265,127798,24879,21433,0.564646,0.794589,0.25606799999999996,0.660168,,,1.5140117576138536,1.1176462937754155
INDEL,PASS,522389,294936,227453,498406,75844,127564,24879,21378,0.564591,0.795482,0.255944,0.660438,,,1.5140117576138536,1.114732990557776
SNP,ALL,3352679,2922557,430122,3464375,301131,240615,157219,4655,0.871708,0.90659,0.069454,0.888807,2.0975722178140814,2.0370094752250476,1.5743345845517158,1.3004201401618396
SNP,PASS,3352679,2898018,454661,3417066,295609,223373,155259,4516,0.864389,0.9074399999999999,0.06537000000000001,0.885391,2.0975722178140814,2.04056239835156,1.5743345845517158,1.3117153863278201
