Type,Filter,TRUTH.TOTAL,TRUTH.TP,TRUTH.FN,QUERY.TOTAL,QUERY.FP,QUERY.UNK,FP.gt,FP.al,METRIC.Recall,METRIC.Precision,METRIC.Frac_NA,METRIC.F1_Score,TRUTH.TOTAL.TiTv_ratio,QUERY.TOTAL.TiTv_ratio,TRUTH.TOTAL.het_hom_ratio,QUERY.TOTAL.het_hom_ratio
INDEL,ALL,508274,273221,235053,463702,71233,119207,23243,19209,0.537547,0.793225,0.257077,0.640824,,,1.5010726729322714,1.0801873442221837
INDEL,PASS,508274,273207,235067,463205,70930,119022,23243,19171,0.537519,0.793918,0.25695300000000004,0.641031,,,1.5010726729322714,1.0779185801280002
SNP,ALL,3340471,2877962,462509,3454586,325052,251512,169980,4670,0.8615440000000001,0.8985190000000001,0.072805,0.8796430000000001,2.097942603562915,2.0379901993111558,1.578296918585843,1.2747668894043511
SNP,PASS,3340471,2856935,483536,3412993,320046,235955,168113,4527,0.8552489999999999,0.8992629999999999,0.069134,0.876704,2.097942603562915,2.0405251929612027,1.578296918585843,1.2852780231488954
