Type,Filter,TRUTH.TOTAL,TRUTH.TP,TRUTH.FN,QUERY.TOTAL,QUERY.FP,QUERY.UNK,FP.gt,FP.al,METRIC.Recall,METRIC.Precision,METRIC.Frac_NA,METRIC.F1_Score,TRUTH.TOTAL.TiTv_ratio,QUERY.TOTAL.TiTv_ratio,TRUTH.TOTAL.het_hom_ratio,QUERY.TOTAL.het_hom_ratio
INDEL,ALL,508274,275381,232893,470184,72507,122255,23344,19636,0.541796,0.791604,0.260015,0.6433,,,1.5010726729322714,1.0924788409318604
INDEL,PASS,508274,275366,232908,469548,72105,122027,23344,19591,0.541767,0.792516,0.259882,0.64358,,,1.5010726729322714,1.0895956770675141
SNP,ALL,3340471,2882214,458257,3458325,321981,254068,167876,4627,0.8628170000000001,0.899515,0.073466,0.880784,2.097942603562915,2.03916327491793,1.578296918585843,1.2796978769499971
SNP,PASS,3340471,2858875,481596,3413188,316649,237606,165997,4461,0.85583,0.900286,0.069614,0.877495,2.097942603562915,2.0416933240426065,1.578296918585843,1.2915513641897423
