Type,Filter,TRUTH.TOTAL,TRUTH.TP,TRUTH.FN,QUERY.TOTAL,QUERY.FP,QUERY.UNK,FP.gt,FP.al,METRIC.Recall,METRIC.Precision,METRIC.Frac_NA,METRIC.F1_Score,TRUTH.TOTAL.TiTv_ratio,QUERY.TOTAL.TiTv_ratio,TRUTH.TOTAL.het_hom_ratio,QUERY.TOTAL.het_hom_ratio
INDEL,ALL,500793,305311,195482,532243,78085,148794,25439,23152,0.6096550000000001,0.796361,0.27956,0.690612,,,1.4790521868945146,1.0926879381194101
INDEL,PASS,500793,305282,195511,531723,77752,148627,25439,23111,0.609597,0.7970430000000001,0.27952,0.6908310000000001,,,1.4790521868945146,1.0905930223189106
SNP,ALL,3314143,2918362,395781,3450331,267583,264316,146196,4277,0.8805780000000001,0.916013,0.076606,0.8979459999999999,2.100052932616592,2.030195902812536,1.5296134232553806,1.2838004516591621
SNP,PASS,3314143,2894089,420054,3402768,262414,246201,144352,4160,0.8732540000000001,0.916867,0.072353,0.8945290000000001,2.100052932616592,2.0338237719349075,1.5296134232553806,1.2932357435747754
