Type,Filter,TRUTH.TOTAL,TRUTH.TP,TRUTH.FN,QUERY.TOTAL,QUERY.FP,QUERY.UNK,FP.gt,FP.al,METRIC.Recall,METRIC.Precision,METRIC.Frac_NA,METRIC.F1_Score,TRUTH.TOTAL.TiTv_ratio,QUERY.TOTAL.TiTv_ratio,TRUTH.TOTAL.het_hom_ratio,QUERY.TOTAL.het_hom_ratio
INDEL,ALL,522389,295403,226986,500009,76228,128329,24815,21444,0.565485,0.79491,0.256653,0.6608510000000001,,,1.5140117576138536,1.1202875877042822
INDEL,PASS,522389,295374,227015,499340,75805,128102,24815,21376,0.565429,0.795805,0.25654299999999997,0.6611229999999999,,,1.5140117576138536,1.1173883084070433
SNP,ALL,3352679,2923258,429421,3465278,300828,241122,157069,4715,0.871917,0.906696,0.069582,0.888966,2.0975722178140814,2.0376242726385896,1.5743345845517158,1.3014741734013735
SNP,PASS,3352679,2897872,454807,3417034,295190,223906,155057,4581,0.864345,0.9075549999999999,0.065526,0.885423,2.0975722178140814,2.0410785077083937,1.5743345845517158,1.3133936219558027
