Type,Filter,TRUTH.TOTAL,TRUTH.TP,TRUTH.FN,QUERY.TOTAL,QUERY.FP,QUERY.UNK,FP.gt,FP.al,METRIC.Recall,METRIC.Precision,METRIC.Frac_NA,METRIC.F1_Score,TRUTH.TOTAL.TiTv_ratio,QUERY.TOTAL.TiTv_ratio,TRUTH.TOTAL.het_hom_ratio,QUERY.TOTAL.het_hom_ratio
INDEL,ALL,500793,305520,195273,533632,78609,149453,25523,23238,0.6100720000000001,0.795384,0.280068,0.690512,,,1.4790521868945146,1.096920574332214
INDEL,PASS,500793,305496,195297,533056,78236,149269,25523,23190,0.610025,0.796147,0.280025,0.690768,,,1.4790521868945146,1.0946013416117057
SNP,ALL,3314143,2918957,395186,3451985,268300,264654,145937,4351,0.880758,0.9158229999999999,0.076667,0.897948,2.100052932616592,2.030427775944274,1.5296134232553806,1.285339107632405
SNP,PASS,3314143,2895019,419124,3404583,262904,246589,144101,4219,0.8735350000000001,0.91675,0.072429,0.8946209999999999,2.100052932616592,2.034057920651808,1.5296134232553806,1.2943227944259232
