Type,Filter,TRUTH.TOTAL,TRUTH.TP,TRUTH.FN,QUERY.TOTAL,QUERY.FP,QUERY.UNK,FP.gt,FP.al,METRIC.Recall,METRIC.Precision,METRIC.Frac_NA,METRIC.F1_Score,TRUTH.TOTAL.TiTv_ratio,QUERY.TOTAL.TiTv_ratio,TRUTH.TOTAL.het_hom_ratio,QUERY.TOTAL.het_hom_ratio
INDEL,ALL,500793,306309,194484,535244,78568,150314,25425,23280,0.611648,0.79589,0.280833,0.691711,,,1.4790521868945146,1.1015162431624155
INDEL,PASS,500793,306283,194510,534629,78189,150099,25425,23227,0.611596,0.796663,0.280754,0.691969,,,1.4790521868945146,1.0990492750823129
SNP,ALL,3314143,2920267,393876,3452288,266897,265040,145247,4294,0.8811530000000001,0.9162610000000001,0.076772,0.8983639999999999,2.100052932616592,2.031056544013596,1.5296134232553806,1.2866059113235222
SNP,PASS,3314143,2894772,419371,3402998,261462,246683,143350,4169,0.87346,0.917162,0.07249,0.8947780000000001,2.100052932616592,2.0346773186868057,1.5296134232553806,1.2969954178146885
