Type,Filter,TRUTH.TOTAL,TRUTH.TP,TRUTH.FN,QUERY.TOTAL,QUERY.FP,QUERY.UNK,FP.gt,FP.al,METRIC.Recall,METRIC.Precision,METRIC.Frac_NA,METRIC.F1_Score,TRUTH.TOTAL.TiTv_ratio,QUERY.TOTAL.TiTv_ratio,TRUTH.TOTAL.het_hom_ratio,QUERY.TOTAL.het_hom_ratio
INDEL,ALL,500793,306007,194786,535051,78760,150232,25453,23309,0.611045,0.7953319999999999,0.280781,0.691114,,,1.4790521868945146,1.1013187662531096
INDEL,PASS,500793,305982,194811,534476,78387,150049,25453,23269,0.610995,0.796094,0.28074,0.6913699999999999,,,1.4790521868945146,1.0990040818955453
SNP,ALL,3314143,2919656,394487,3452328,267612,264980,145673,4321,0.880969,0.9160389999999999,0.076754,0.8981620000000001,2.100052932616592,2.0306233147960904,1.5296134232553806,1.2858058671131196
SNP,PASS,3314143,2894810,419333,3403920,262291,246741,143802,4183,0.8734719999999999,0.9169219999999999,0.072487,0.8946700000000001,2.100052932616592,2.0342385235082365,1.5296134232553806,1.2955611692529774
