Type,Filter,TRUTH.TOTAL,TRUTH.TP,TRUTH.FN,QUERY.TOTAL,QUERY.FP,QUERY.UNK,FP.gt,FP.al,METRIC.Recall,METRIC.Precision,METRIC.Frac_NA,METRIC.F1_Score,TRUTH.TOTAL.TiTv_ratio,QUERY.TOTAL.TiTv_ratio,TRUTH.TOTAL.het_hom_ratio,QUERY.TOTAL.het_hom_ratio
INDEL,ALL,508274,273367,234907,464344,71521,119413,23347,19281,0.537834,0.792651,0.25716500000000003,0.640841,,,1.5010726729322714,1.080680761022236
INDEL,PASS,508274,273354,234920,463832,71197,119235,23347,19248,0.537808,0.793391,0.257065,0.6410640000000001,,,1.5010726729322714,1.0783458893489721
SNP,ALL,3340471,2878644,461827,3455438,324941,251799,169626,4739,0.861748,0.8985709999999999,0.07287,0.879774,2.097942603562915,2.0383957671548307,1.578296918585843,1.2757891089558935
SNP,PASS,3340471,2858394,482077,3414709,319916,236346,167782,4590,0.8556860000000001,0.8993459999999999,0.069214,0.876973,2.097942603562915,2.0410389980454227,1.578296918585843,1.2856245774001995
