Type,Filter,TRUTH.TOTAL,TRUTH.TP,TRUTH.FN,QUERY.TOTAL,QUERY.FP,QUERY.UNK,FP.gt,FP.al,METRIC.Recall,METRIC.Precision,METRIC.Frac_NA,METRIC.F1_Score,TRUTH.TOTAL.TiTv_ratio,QUERY.TOTAL.TiTv_ratio,TRUTH.TOTAL.het_hom_ratio,QUERY.TOTAL.het_hom_ratio
INDEL,ALL,522389,294274,228115,497048,75901,126825,24859,21355,0.5633239999999999,0.794986,0.255156,0.659399,,,1.5140117576138536,1.112532613272788
INDEL,PASS,522389,294258,228131,496442,75507,126623,24859,21294,0.563293,0.7958270000000001,0.25506100000000004,0.659668,,,1.5140117576138536,1.1099018454445606
SNP,ALL,3352679,2921381,431298,3462671,301286,239932,157824,4674,0.8713569999999999,0.9065120000000001,0.06929099999999999,0.8885870000000001,2.0975722178140814,2.0367818954435206,1.5743345845517158,1.2985485673235437
SNP,PASS,3352679,2897687,454992,3416847,295915,223176,155857,4541,0.86429,0.907343,0.065316,0.885294,2.0975722178140814,2.040301565568002,1.5743345845517158,1.309351525869202
