Type,Filter,TRUTH.TOTAL,TRUTH.TP,TRUTH.FN,QUERY.TOTAL,QUERY.FP,QUERY.UNK,FP.gt,FP.al,METRIC.Recall,METRIC.Precision,METRIC.Frac_NA,METRIC.F1_Score,TRUTH.TOTAL.TiTv_ratio,QUERY.TOTAL.TiTv_ratio,TRUTH.TOTAL.het_hom_ratio,QUERY.TOTAL.het_hom_ratio
INDEL,ALL,682,642,40,1049,61,344,8,9,0.941349,0.913475,0.327931,0.9272030000000001,,,0.9881656804733728,1.476997578692494
INDEL,PASS,682,641,41,1011,51,317,8,9,0.939883,0.9265129999999999,0.313551,0.93315,,,0.9881656804733728,1.3849878934624698
SNP,ALL,22743,22361,382,25614,405,2850,50,4,0.9832040000000001,0.982209,0.111267,0.982706,2.96411149825784,2.836401736267026,1.5847833503923576,1.6898980342688952
SNP,PASS,22743,22012,731,24159,183,1966,36,3,0.967858,0.9917540000000001,0.08137799999999999,0.979661,2.96411149825784,2.885567341690775,1.5847833503923576,1.6506315211422296
