Type,Filter,TRUTH.TOTAL,TRUTH.TP,TRUTH.FN,QUERY.TOTAL,QUERY.FP,QUERY.UNK,FP.gt,FP.al,METRIC.Recall,METRIC.Precision,METRIC.Frac_NA,METRIC.F1_Score,TRUTH.TOTAL.TiTv_ratio,QUERY.TOTAL.TiTv_ratio,TRUTH.TOTAL.het_hom_ratio,QUERY.TOTAL.het_hom_ratio
INDEL,ALL,690,637,53,1022,55,328,9,14,0.9231879999999999,0.9207489999999999,0.320939,0.921967,,,1.0581039755351682,1.2710706150341686
INDEL,PASS,690,636,54,996,47,311,9,13,0.921739,0.9313870000000001,0.312249,0.926538,,,1.0581039755351682,1.2118451025056947
SNP,ALL,22589,22179,410,25652,394,3079,45,7,0.98185,0.9825459999999999,0.12003,0.982197,2.9636842105263157,2.8327359617682197,1.5521645755623374,1.6620274200249272
SNP,PASS,22589,21851,738,24324,202,2271,35,7,0.9673290000000001,0.9908399999999999,0.093365,0.978944,2.9636842105263157,2.872692552514322,1.5521645755623374,1.6317955382282867
