Type,Filter,TRUTH.TOTAL,TRUTH.TP,TRUTH.FN,QUERY.TOTAL,QUERY.FP,QUERY.UNK,FP.gt,FP.al,METRIC.Recall,METRIC.Precision,METRIC.Frac_NA,METRIC.F1_Score,TRUTH.TOTAL.TiTv_ratio,QUERY.TOTAL.TiTv_ratio,TRUTH.TOTAL.het_hom_ratio,QUERY.TOTAL.het_hom_ratio
INDEL,ALL,643,611,32,1002,48,336,4,9,0.950233,0.9279280000000001,0.335329,0.938948,,,0.9904458598726115,1.374083129584352
INDEL,PASS,643,611,32,959,30,311,4,8,0.950233,0.9537040000000001,0.32429600000000003,0.951965,,,0.9904458598726115,1.2689486552567237
SNP,ALL,22543,22189,354,25940,450,3310,48,5,0.984297,0.980115,0.127602,0.982201,2.9467973398669933,2.794999268898962,1.6274052478134111,1.725055199242982
SNP,PASS,22543,21844,699,24332,177,2320,28,4,0.968993,0.991959,0.095348,0.980341,2.9467973398669933,2.8473451327433628,1.6274052478134111,1.6832229580573952
