Type,Filter,TRUTH.TOTAL,TRUTH.TP,TRUTH.FN,QUERY.TOTAL,QUERY.FP,QUERY.UNK,FP.gt,FP.al,METRIC.Recall,METRIC.Precision,METRIC.Frac_NA,METRIC.F1_Score,TRUTH.TOTAL.TiTv_ratio,QUERY.TOTAL.TiTv_ratio,TRUTH.TOTAL.het_hom_ratio,QUERY.TOTAL.het_hom_ratio
INDEL,ALL,690,644,46,1028,47,335,3,9,0.933333,0.9321790000000001,0.325875,0.9327559999999999,,,1.0581039755351682,1.3576470588235294
INDEL,PASS,690,643,47,1008,39,324,3,9,0.931884,0.942982,0.321429,0.9374,,,1.0581039755351682,1.3105882352941176
SNP,ALL,22589,22191,398,25694,405,3098,43,7,0.982381,0.9820760000000001,0.120573,0.9822290000000001,2.9636842105263157,2.825718112814407,1.5521645755623374,1.6628292885293507
SNP,PASS,22589,21850,739,24297,195,2252,34,7,0.9672850000000001,0.9911540000000001,0.092686,0.979074,2.9636842105263157,2.8737848605577687,1.5521645755623374,1.6311910696867888
