Type,Filter,TRUTH.TOTAL,TRUTH.TP,TRUTH.FN,QUERY.TOTAL,QUERY.FP,QUERY.UNK,FP.gt,FP.al,METRIC.Recall,METRIC.Precision,METRIC.Frac_NA,METRIC.F1_Score,TRUTH.TOTAL.TiTv_ratio,QUERY.TOTAL.TiTv_ratio,TRUTH.TOTAL.het_hom_ratio,QUERY.TOTAL.het_hom_ratio
INDEL,ALL,690,646,44,1049,48,353,6,6,0.936232,0.931034,0.336511,0.9336260000000001,,,1.0581039755351682,1.360919540229885
INDEL,PASS,690,646,44,1029,41,340,6,6,0.936232,0.940493,0.330418,0.938358,,,1.0581039755351682,1.3149425287356322
SNP,ALL,22589,22236,353,25729,415,3078,39,7,0.9843729999999999,0.9816790000000001,0.11963199999999999,0.983024,2.9636842105263157,2.8208401365592994,1.5521645755623374,1.6702326547569588
SNP,PASS,22589,21895,694,24310,178,2237,26,7,0.969277,0.991936,0.09202,0.980476,2.9636842105263157,2.8772517136936075,1.5521645755623374,1.6353477270261474
