Type,Filter,TRUTH.TOTAL,TRUTH.TP,TRUTH.FN,QUERY.TOTAL,QUERY.FP,QUERY.UNK,FP.gt,FP.al,METRIC.Recall,METRIC.Precision,METRIC.Frac_NA,METRIC.F1_Score,TRUTH.TOTAL.TiTv_ratio,QUERY.TOTAL.TiTv_ratio,TRUTH.TOTAL.het_hom_ratio,QUERY.TOTAL.het_hom_ratio
INDEL,ALL,682,642,40,1026,58,324,7,6,0.941349,0.9173790000000001,0.315789,0.9292090000000001,,,0.9881656804733728,1.3434579439252337
INDEL,PASS,682,642,40,1006,51,311,7,6,0.941349,0.9266190000000001,0.309145,0.933926,,,0.9881656804733728,1.2967289719626167
SNP,ALL,22743,22356,387,25614,415,2845,54,2,0.982984,0.981773,0.111072,0.9823780000000001,2.96411149825784,2.837975441749027,1.5847833503923576,1.6894377299001577
SNP,PASS,22743,21985,758,24158,195,1980,41,1,0.966671,0.991208,0.08196,0.978786,2.96411149825784,2.8921268716792787,1.5847833503923576,1.6515051637002856
