Type,Filter,TRUTH.TOTAL,TRUTH.TP,TRUTH.FN,QUERY.TOTAL,QUERY.FP,QUERY.UNK,FP.gt,FP.al,METRIC.Recall,METRIC.Precision,METRIC.Frac_NA,METRIC.F1_Score,TRUTH.TOTAL.TiTv_ratio,QUERY.TOTAL.TiTv_ratio,TRUTH.TOTAL.het_hom_ratio,QUERY.TOTAL.het_hom_ratio
INDEL,ALL,643,602,41,983,54,321,5,10,0.9362360000000001,0.918429,0.32655100000000004,0.9272469999999999,,,0.9904458598726115,1.3622828784119108
INDEL,PASS,643,601,42,949,43,299,5,9,0.934681,0.933846,0.31506799999999996,0.934263,,,0.9904458598726115,1.2779156327543424
SNP,ALL,22543,22122,421,25738,367,3258,48,1,0.981325,0.9836739999999999,0.126583,0.982498,2.9467973398669933,2.8200563714582407,1.6274052478134111,1.7032793777590918
SNP,PASS,22543,21812,731,24395,176,2416,28,1,0.9675729999999999,0.991992,0.099037,0.9796309999999999,2.9467973398669933,2.8516648256272683,1.6274052478134111,1.684285871600044
