Type,Filter,TRUTH.TOTAL,TRUTH.TP,TRUTH.FN,QUERY.TOTAL,QUERY.FP,QUERY.UNK,FP.gt,FP.al,METRIC.Recall,METRIC.Precision,METRIC.Frac_NA,METRIC.F1_Score,TRUTH.TOTAL.TiTv_ratio,QUERY.TOTAL.TiTv_ratio,TRUTH.TOTAL.het_hom_ratio,QUERY.TOTAL.het_hom_ratio
INDEL,ALL,643,612,31,994,43,333,7,8,0.951788,0.934947,0.33501,0.943293,,,0.9904458598726115,1.340632603406326
INDEL,PASS,643,612,31,964,36,310,7,7,0.951788,0.9449540000000001,0.321577,0.9483590000000001,,,0.9904458598726115,1.273170731707317
SNP,ALL,22543,22189,354,25904,401,3323,43,1,0.984297,0.9822420000000001,0.128281,0.983268,2.9467973398669933,2.8096428046450095,1.6274052478134111,1.7142407718120805
SNP,PASS,22543,21848,695,24387,166,2382,28,0,0.9691700000000001,0.9924559999999999,0.097675,0.980675,2.9467973398669933,2.850852272727273,1.6274052478134111,1.6797536566589684
