Type,Filter,TRUTH.TOTAL,TRUTH.TP,TRUTH.FN,QUERY.TOTAL,QUERY.FP,QUERY.UNK,FP.gt,FP.al,METRIC.Recall,METRIC.Precision,METRIC.Frac_NA,METRIC.F1_Score,TRUTH.TOTAL.TiTv_ratio,QUERY.TOTAL.TiTv_ratio,TRUTH.TOTAL.het_hom_ratio,QUERY.TOTAL.het_hom_ratio
INDEL,ALL,682,639,43,1034,61,332,9,9,0.93695,0.9131049999999999,0.321083,0.924874,,,0.9881656804733728,1.4081145584725536
INDEL,PASS,682,639,43,1012,50,321,9,8,0.93695,0.9276409999999999,0.31719400000000003,0.932272,,,0.9881656804733728,1.3556085918854415
SNP,ALL,22743,22350,393,25539,405,2786,45,1,0.98272,0.9822,0.109088,0.98246,2.96411149825784,2.843435103023011,1.5847833503923576,1.6824011774600505
SNP,PASS,22743,22023,720,24213,200,1992,34,0,0.968342,0.991,0.08227000000000001,0.97954,2.96411149825784,2.8884609212004495,1.5847833503923576,1.6488173455978976
