Type,Filter,TRUTH.TOTAL,TRUTH.TP,TRUTH.FN,QUERY.TOTAL,QUERY.FP,QUERY.UNK,FP.gt,FP.al,METRIC.Recall,METRIC.Precision,METRIC.Frac_NA,METRIC.F1_Score,TRUTH.TOTAL.TiTv_ratio,QUERY.TOTAL.TiTv_ratio,TRUTH.TOTAL.het_hom_ratio,QUERY.TOTAL.het_hom_ratio
INDEL,ALL,643,601,42,988,49,331,6,12,0.934681,0.9254190000000001,0.33502,0.930027,,,0.9904458598726115,1.4175
INDEL,PASS,643,600,43,958,43,308,6,12,0.933126,0.933846,0.32150300000000004,0.933486,,,0.9904458598726115,1.3425
SNP,ALL,22543,22109,434,25732,378,3254,51,8,0.980748,0.9831840000000001,0.12645699999999999,0.981964,2.9467973398669933,2.816187370293507,1.6274052478134111,1.705777123013785
SNP,PASS,22543,21798,745,24409,209,2411,33,8,0.966952,0.990499,0.098775,0.978584,2.9467973398669933,2.8518927444794953,1.6274052478134111,1.6938369781312128
