Type,Filter,TRUTH.TOTAL,TRUTH.TP,TRUTH.FN,QUERY.TOTAL,QUERY.FP,QUERY.UNK,FP.gt,FP.al,METRIC.Recall,METRIC.Precision,METRIC.Frac_NA,METRIC.F1_Score,TRUTH.TOTAL.TiTv_ratio,QUERY.TOTAL.TiTv_ratio,TRUTH.TOTAL.het_hom_ratio,QUERY.TOTAL.het_hom_ratio
INDEL,ALL,643,591,52,970,45,328,6,8,0.9191290000000001,0.9299069999999999,0.338144,0.924486,,,0.9904458598726115,1.2781774580335732
INDEL,PASS,643,590,53,952,41,315,6,7,0.917574,0.935636,0.330882,0.926517,,,0.9904458598726115,1.235011990407674
SNP,ALL,22543,22047,496,25542,375,3129,45,1,0.9779979999999999,0.9832690000000001,0.122504,0.980626,2.9467973398669933,2.825872136547387,1.6274052478134111,1.695248152059134
SNP,PASS,22543,21735,808,24293,186,2381,29,1,0.9641569999999999,0.9915120000000001,0.098012,0.977643,2.9467973398669933,2.8455696202531646,1.6274052478134111,1.686179041717384
