Type,Filter,TRUTH.TOTAL,TRUTH.TP,TRUTH.FN,QUERY.TOTAL,QUERY.FP,QUERY.UNK,FP.gt,FP.al,METRIC.Recall,METRIC.Precision,METRIC.Frac_NA,METRIC.F1_Score,TRUTH.TOTAL.TiTv_ratio,QUERY.TOTAL.TiTv_ratio,TRUTH.TOTAL.het_hom_ratio,QUERY.TOTAL.het_hom_ratio
INDEL,ALL,682,634,48,1014,67,311,11,10,0.9296190000000001,0.904694,0.306706,0.9169870000000001,,,0.9881656804733728,1.3660287081339713
INDEL,PASS,682,632,50,984,57,293,11,10,0.926686,0.9175110000000001,0.297764,0.922076,,,0.9881656804733728,1.2942583732057416
SNP,ALL,22743,22291,452,25500,422,2789,62,2,0.980126,0.981419,0.109373,0.980772,2.96411149825784,2.8364155766050216,1.5847833503923576,1.6881924659702436
SNP,PASS,22743,21956,787,24177,215,2008,51,0,0.9653959999999999,0.990302,0.083054,0.97769,2.96411149825784,2.88330658105939,1.5847833503923576,1.6565112186537616
