Type,Filter,TRUTH.TOTAL,TRUTH.TP,TRUTH.FN,QUERY.TOTAL,QUERY.FP,QUERY.UNK,FP.gt,FP.al,METRIC.Recall,METRIC.Precision,METRIC.Frac_NA,METRIC.F1_Score,TRUTH.TOTAL.TiTv_ratio,QUERY.TOTAL.TiTv_ratio,TRUTH.TOTAL.het_hom_ratio,QUERY.TOTAL.het_hom_ratio
INDEL,ALL,682,638,44,1018,62,316,9,11,0.935484,0.911681,0.310413,0.923429,,,0.9881656804733728,1.3515439429928742
INDEL,PASS,682,638,44,988,48,300,9,11,0.935484,0.930233,0.303644,0.932851,,,0.9881656804733728,1.2802850356294537
SNP,ALL,22743,22263,480,25479,475,2743,58,2,0.9788950000000001,0.979108,0.10765699999999999,0.979001,2.96411149825784,2.8394578313253014,1.5847833503923576,1.6835336285051654
SNP,PASS,22743,21971,772,24212,244,1999,46,1,0.9660549999999999,0.989015,0.082562,0.9774010000000001,2.96411149825784,2.890637546169905,1.5847833503923576,1.6424513873716409
