Type,Filter,TRUTH.TOTAL,TRUTH.TP,TRUTH.FN,QUERY.TOTAL,QUERY.FP,QUERY.UNK,FP.gt,FP.al,METRIC.Recall,METRIC.Precision,METRIC.Frac_NA,METRIC.F1_Score,TRUTH.TOTAL.TiTv_ratio,QUERY.TOTAL.TiTv_ratio,TRUTH.TOTAL.het_hom_ratio,QUERY.TOTAL.het_hom_ratio
INDEL,ALL,643,598,45,976,41,331,3,8,0.930016,0.936434,0.33913899999999997,0.933214,,,0.9904458598726115,1.2805755395683454
INDEL,PASS,643,598,45,945,30,311,3,8,0.930016,0.952681,0.32910100000000003,0.941212,,,0.9904458598726115,1.2062350119904077
SNP,ALL,22543,22073,470,25682,424,3194,59,6,0.979151,0.981145,0.124367,0.9801469999999999,2.9467973398669933,2.8157113157113156,1.6274052478134111,1.7027909426013692
SNP,PASS,22543,21797,746,24403,220,2395,34,6,0.966908,0.9900040000000001,0.09814400000000001,0.978319,2.9467973398669933,2.8553608084636033,1.6274052478134111,1.6807387862796834
