Type,Filter,TRUTH.TOTAL,TRUTH.TP,TRUTH.FN,QUERY.TOTAL,QUERY.FP,QUERY.UNK,FP.gt,FP.al,METRIC.Recall,METRIC.Precision,METRIC.Frac_NA,METRIC.F1_Score,TRUTH.TOTAL.TiTv_ratio,QUERY.TOTAL.TiTv_ratio,TRUTH.TOTAL.het_hom_ratio,QUERY.TOTAL.het_hom_ratio
INDEL,ALL,643,612,31,1006,51,337,4,7,0.951788,0.923767,0.33499,0.9375680000000001,,,0.9904458598726115,1.3819951338199514
INDEL,PASS,643,612,31,972,38,316,4,6,0.951788,0.9420729999999999,0.32510300000000003,0.9469059999999999,,,0.9904458598726115,1.2992700729927007
SNP,ALL,22543,22154,389,25895,395,3355,48,2,0.9827440000000001,0.982476,0.12956199999999998,0.98261,2.9467973398669933,2.799530722979909,1.6274052478134111,1.7172862843940349
SNP,PASS,22543,21843,700,24435,196,2405,30,2,0.9689479999999999,0.9911030000000001,0.098424,0.9799,2.9467973398669933,2.835738939441481,1.6274052478134111,1.6872867363786461
