Type,Filter,TRUTH.TOTAL,TRUTH.TP,TRUTH.FN,QUERY.TOTAL,QUERY.FP,QUERY.UNK,FP.gt,FP.al,METRIC.Recall,METRIC.Precision,METRIC.Frac_NA,METRIC.F1_Score,TRUTH.TOTAL.TiTv_ratio,QUERY.TOTAL.TiTv_ratio,TRUTH.TOTAL.het_hom_ratio,QUERY.TOTAL.het_hom_ratio
INDEL,ALL,690,628,62,1015,59,326,8,15,0.9101450000000001,0.9143690000000001,0.321182,0.9122520000000001,,,1.0581039755351682,1.3200934579439252
INDEL,PASS,690,626,64,994,49,317,8,14,0.9072459999999999,0.927622,0.318913,0.9173209999999999,,,1.0581039755351682,1.2710280373831775
SNP,ALL,22589,22132,457,25553,410,3011,41,10,0.979769,0.9818120000000001,0.117834,0.9807889999999999,2.9636842105263157,2.8358343337334935,1.5521645755623374,1.6591690096844736
SNP,PASS,22589,21811,778,24283,212,2260,29,10,0.965558,0.990374,0.093069,0.977809,2.9636842105263157,2.884234090182283,1.5521645755623374,1.6404787812840043
