Type,Filter,TRUTH.TOTAL,TRUTH.TP,TRUTH.FN,QUERY.TOTAL,QUERY.FP,QUERY.UNK,FP.gt,FP.al,METRIC.Recall,METRIC.Precision,METRIC.Frac_NA,METRIC.F1_Score,TRUTH.TOTAL.TiTv_ratio,QUERY.TOTAL.TiTv_ratio,TRUTH.TOTAL.het_hom_ratio,QUERY.TOTAL.het_hom_ratio
INDEL,ALL,682,637,45,1000,55,306,7,11,0.934018,0.9207489999999999,0.306,0.927336,,,0.9881656804733728,1.3238095238095238
INDEL,PASS,682,637,45,980,46,295,7,10,0.934018,0.932847,0.30101999999999995,0.9334319999999999,,,0.9881656804733728,1.276190476190476
SNP,ALL,22743,22318,425,25533,427,2790,48,1,0.9813129999999999,0.981225,0.10927,0.9812690000000001,2.96411149825784,2.83533473431402,1.5847833503923576,1.6818420775943643
SNP,PASS,22743,22007,736,24253,213,2035,34,0,0.9676379999999999,0.9904129999999999,0.08390700000000001,0.978893,2.96411149825784,2.8846030729833547,1.5847833503923576,1.6529785370127026
