Type,Filter,TRUTH.TOTAL,TRUTH.TP,TRUTH.FN,QUERY.TOTAL,QUERY.FP,QUERY.UNK,FP.gt,FP.al,METRIC.Recall,METRIC.Precision,METRIC.Frac_NA,METRIC.F1_Score,TRUTH.TOTAL.TiTv_ratio,QUERY.TOTAL.TiTv_ratio,TRUTH.TOTAL.het_hom_ratio,QUERY.TOTAL.het_hom_ratio
INDEL,ALL,690,634,56,1014,59,319,10,14,0.918841,0.915108,0.314596,0.9169700000000001,,,1.0581039755351682,1.3412322274881516
INDEL,PASS,690,634,56,999,52,311,10,12,0.918841,0.9244190000000001,0.311311,0.9216209999999999,,,1.0581039755351682,1.3056872037914693
SNP,ALL,22589,22175,414,25595,394,3026,42,7,0.981672,0.982542,0.118226,0.982107,2.9636842105263157,2.8280759455822992,1.5521645755623374,1.6655549765502866
SNP,PASS,22589,21864,725,24319,204,2251,32,7,0.9679049999999999,0.990756,0.092561,0.979197,2.9636842105263157,2.877908830092445,1.5521645755623374,1.637577336372517
