Type,Filter,TRUTH.TOTAL,TRUTH.TP,TRUTH.FN,QUERY.TOTAL,QUERY.FP,QUERY.UNK,FP.gt,FP.al,METRIC.Recall,METRIC.Precision,METRIC.Frac_NA,METRIC.F1_Score,TRUTH.TOTAL.TiTv_ratio,QUERY.TOTAL.TiTv_ratio,TRUTH.TOTAL.het_hom_ratio,QUERY.TOTAL.het_hom_ratio
INDEL,ALL,690,640,50,1053,60,351,13,11,0.927536,0.91453,0.333333,0.9209870000000001,,,1.0581039755351682,1.3986013986013985
INDEL,PASS,690,639,51,1030,54,335,13,11,0.9260870000000001,0.9223020000000001,0.325243,0.924191,,,1.0581039755351682,1.344988344988345
SNP,ALL,22589,22176,413,25628,420,3032,44,8,0.9817170000000001,0.9814129999999999,0.118308,0.9815649999999999,2.9636842105263157,2.8335825358851676,1.5521645755623374,1.670281543274244
SNP,PASS,22589,21885,704,24341,210,2246,32,8,0.968834,0.9904959999999999,0.092272,0.9795450000000001,2.9636842105263157,2.883891547049442,1.5521645755623374,1.6392837764514379
