Type,Filter,TRUTH.TOTAL,TRUTH.TP,TRUTH.FN,QUERY.TOTAL,QUERY.FP,QUERY.UNK,FP.gt,FP.al,METRIC.Recall,METRIC.Precision,METRIC.Frac_NA,METRIC.F1_Score,TRUTH.TOTAL.TiTv_ratio,QUERY.TOTAL.TiTv_ratio,TRUTH.TOTAL.het_hom_ratio,QUERY.TOTAL.het_hom_ratio
INDEL,ALL,682,639,43,1045,73,331,10,13,0.93695,0.897759,0.316746,0.9169360000000001,,,0.9881656804733728,1.4261904761904762
INDEL,PASS,682,638,44,1011,57,314,10,12,0.935484,0.918221,0.310584,0.9267719999999999,,,0.9881656804733728,1.3452380952380953
SNP,ALL,22743,22336,407,25586,434,2818,48,1,0.9821040000000001,0.9809379999999999,0.11013800000000001,0.9815209999999999,2.96411149825784,2.8404079796010198,1.5847833503923576,1.695812677987554
SNP,PASS,22743,22001,742,24224,192,2033,35,0,0.967375,0.991348,0.083925,0.979215,2.96411149825784,2.8812039705411463,1.5847833503923576,1.6563837962454715
