Type,Filter,TRUTH.TOTAL,TRUTH.TP,TRUTH.FN,QUERY.TOTAL,QUERY.FP,QUERY.UNK,FP.gt,FP.al,METRIC.Recall,METRIC.Precision,METRIC.Frac_NA,METRIC.F1_Score,TRUTH.TOTAL.TiTv_ratio,QUERY.TOTAL.TiTv_ratio,TRUTH.TOTAL.het_hom_ratio,QUERY.TOTAL.het_hom_ratio
INDEL,ALL,682,628,54,1019,61,328,9,10,0.9208209999999999,0.9117219999999999,0.321884,0.916249,,,0.9881656804733728,1.369047619047619
INDEL,PASS,682,628,54,984,49,305,9,9,0.9208209999999999,0.9278350000000001,0.30995900000000004,0.924315,,,0.9881656804733728,1.2857142857142858
SNP,ALL,22743,22263,480,25466,432,2773,56,1,0.9788950000000001,0.9809629999999999,0.10889000000000001,0.979928,2.96411149825784,2.8417005879692447,1.5847833503923576,1.6790565441718437
SNP,PASS,22743,21942,801,24198,229,2029,45,0,0.96478,0.98967,0.08385,0.977067,2.96411149825784,2.8885498634976714,1.5847833503923576,1.648444347063979
