Type,Filter,TRUTH.TOTAL,TRUTH.TP,TRUTH.FN,QUERY.TOTAL,QUERY.FP,QUERY.UNK,FP.gt,FP.al,METRIC.Recall,METRIC.Precision,METRIC.Frac_NA,METRIC.F1_Score,TRUTH.TOTAL.TiTv_ratio,QUERY.TOTAL.TiTv_ratio,TRUTH.TOTAL.het_hom_ratio,QUERY.TOTAL.het_hom_ratio
INDEL,ALL,690,634,56,1004,52,316,5,9,0.918841,0.9244190000000001,0.314741,0.9216209999999999,,,1.0581039755351682,1.2950819672131149
INDEL,PASS,690,634,56,984,44,304,5,9,0.918841,0.9352940000000001,0.30894299999999997,0.9269940000000001,,,1.0581039755351682,1.2482435597189696
SNP,ALL,22589,22131,458,25578,433,3014,53,7,0.979725,0.9808100000000001,0.117836,0.980267,2.9636842105263157,2.8368571000149947,1.5521645755623374,1.6552046540619156
SNP,PASS,22589,21794,795,24288,230,2264,44,7,0.9648059999999999,0.989557,0.09321499999999999,0.977025,2.9636842105263157,2.8864363403710813,1.5521645755623374,1.6327836840963332
