Type,Filter,TRUTH.TOTAL,TRUTH.TP,TRUTH.FN,QUERY.TOTAL,QUERY.FP,QUERY.UNK,FP.gt,FP.al,METRIC.Recall,METRIC.Precision,METRIC.Frac_NA,METRIC.F1_Score,TRUTH.TOTAL.TiTv_ratio,QUERY.TOTAL.TiTv_ratio,TRUTH.TOTAL.het_hom_ratio,QUERY.TOTAL.het_hom_ratio
INDEL,ALL,643,596,47,974,41,331,3,8,0.926905,0.9362360000000001,0.339836,0.9315469999999999,,,0.9904458598726115,1.2642857142857142
INDEL,PASS,643,596,47,942,29,311,3,7,0.926905,0.954041,0.33014899999999997,0.940277,,,0.9904458598726115,1.188095238095238
SNP,ALL,22543,22064,479,25634,383,3196,67,4,0.9787520000000001,0.982931,0.124678,0.9808370000000001,2.9467973398669933,2.8258988512606296,1.6274052478134111,1.7006852925672113
SNP,PASS,22543,21779,764,24350,204,2376,46,4,0.966109,0.9907159999999999,0.097577,0.978258,2.9467973398669933,2.8545886075949367,1.6274052478134111,1.6841698841698842
