Type,Filter,TRUTH.TOTAL,TRUTH.TP,TRUTH.FN,QUERY.TOTAL,QUERY.FP,QUERY.UNK,FP.gt,FP.al,METRIC.Recall,METRIC.Precision,METRIC.Frac_NA,METRIC.F1_Score,TRUTH.TOTAL.TiTv_ratio,QUERY.TOTAL.TiTv_ratio,TRUTH.TOTAL.het_hom_ratio,QUERY.TOTAL.het_hom_ratio
INDEL,ALL,690,631,59,1036,56,347,7,9,0.914493,0.918723,0.334942,0.9166030000000001,,,1.0581039755351682,1.4220623501199041
INDEL,PASS,690,631,59,1011,46,332,7,8,0.914493,0.9322530000000001,0.328388,0.9232879999999999,,,1.0581039755351682,1.3621103117505995
SNP,ALL,22589,22202,387,25718,417,3099,40,8,0.9828680000000001,0.981564,0.120499,0.982216,2.9636842105263157,2.8226117961669885,1.5521645755623374,1.6797371988737095
SNP,PASS,22589,21859,730,24385,225,2301,28,8,0.967683,0.989812,0.094361,0.9786219999999999,2.9636842105263157,2.8725396825396827,1.5521645755623374,1.6501686065484609
