Type,Filter,TRUTH.TOTAL,TRUTH.TP,TRUTH.FN,QUERY.TOTAL,QUERY.FP,QUERY.UNK,FP.gt,FP.al,METRIC.Recall,METRIC.Precision,METRIC.Frac_NA,METRIC.F1_Score,TRUTH.TOTAL.TiTv_ratio,QUERY.TOTAL.TiTv_ratio,TRUTH.TOTAL.het_hom_ratio,QUERY.TOTAL.het_hom_ratio
INDEL,ALL,690,627,63,1014,61,324,12,11,0.908696,0.911594,0.319527,0.910143,,,1.0581039755351682,1.3093023255813954
INDEL,PASS,690,627,63,995,55,311,12,9,0.908696,0.9195909999999999,0.31256300000000004,0.914111,,,1.0581039755351682,1.2651162790697674
SNP,ALL,22589,22094,495,25483,421,2968,50,10,0.978087,0.981301,0.11647,0.979691,2.9636842105263157,2.833107803337844,1.5521645755623374,1.6450607665939545
SNP,PASS,22589,21805,784,24324,236,2283,37,10,0.9652930000000001,0.989293,0.09385800000000001,0.977145,2.9636842105263157,2.8700699745547076,1.5521645755623374,1.6326906412478337
