Type,Filter,TRUTH.TOTAL,TRUTH.TP,TRUTH.FN,QUERY.TOTAL,QUERY.FP,QUERY.UNK,FP.gt,FP.al,METRIC.Recall,METRIC.Precision,METRIC.Frac_NA,METRIC.F1_Score,TRUTH.TOTAL.TiTv_ratio,QUERY.TOTAL.TiTv_ratio,TRUTH.TOTAL.het_hom_ratio,QUERY.TOTAL.het_hom_ratio
INDEL,ALL,690,257,433,298,8,33,1,1,0.37246399999999996,0.9698110000000001,0.11073800000000002,0.53822,,,1.0581039755351682,2.0408163265306123
INDEL,PASS,690,257,433,298,8,33,1,1,0.37246399999999996,0.9698110000000001,0.11073800000000002,0.53822,,,1.0581039755351682,2.0408163265306123
SNP,ALL,22589,21477,1112,22738,111,1150,24,0,0.950772,0.994858,0.050575999999999996,0.972316,2.9636842105263157,3.0237126172358875,1.5521645755623374,1.6048802841104364
SNP,PASS,22589,21477,1112,22738,111,1150,24,0,0.950772,0.994858,0.050575999999999996,0.972316,2.9636842105263157,3.0237126172358875,1.5521645755623374,1.6048802841104364
