Type,Filter,TRUTH.TOTAL,TRUTH.TP,TRUTH.FN,QUERY.TOTAL,QUERY.FP,QUERY.UNK,FP.gt,FP.al,METRIC.Recall,METRIC.Precision,METRIC.Frac_NA,METRIC.F1_Score,TRUTH.TOTAL.TiTv_ratio,QUERY.TOTAL.TiTv_ratio,TRUTH.TOTAL.het_hom_ratio,QUERY.TOTAL.het_hom_ratio
INDEL,ALL,643,259,384,296,7,29,0,1,0.40279899999999996,0.973783,0.097973,0.569874,,,0.9904458598726115,2.0833333333333335
INDEL,PASS,643,259,384,296,7,29,0,1,0.40279899999999996,0.973783,0.097973,0.569874,,,0.9904458598726115,2.0833333333333335
SNP,ALL,22543,21228,1315,22684,181,1276,75,0,0.941667,0.9915450000000001,0.056251,0.9659629999999999,2.9467973398669933,2.981744777953309,1.6274052478134111,1.6450559701492538
SNP,PASS,22543,21228,1315,22684,181,1276,75,0,0.941667,0.9915450000000001,0.056251,0.9659629999999999,2.9467973398669933,2.981744777953309,1.6274052478134111,1.6450559701492538
