Type,Filter,TRUTH.TOTAL,TRUTH.TP,TRUTH.FN,QUERY.TOTAL,QUERY.FP,QUERY.UNK,FP.gt,FP.al,METRIC.Recall,METRIC.Precision,METRIC.Frac_NA,METRIC.F1_Score,TRUTH.TOTAL.TiTv_ratio,QUERY.TOTAL.TiTv_ratio,TRUTH.TOTAL.het_hom_ratio,QUERY.TOTAL.het_hom_ratio
INDEL,ALL,682,271,411,307,8,28,0,1,0.397361,0.971326,0.091205,0.563996,,,0.9881656804733728,2.3736263736263736
INDEL,PASS,682,271,411,307,8,28,0,1,0.397361,0.971326,0.091205,0.563996,,,0.9881656804733728,2.3736263736263736
SNP,ALL,22743,21458,1285,22698,165,1075,47,1,0.943499,0.9923690000000001,0.047361,0.967317,2.96411149825784,3.010955999293161,1.5847833503923576,1.6074669730040207
SNP,PASS,22743,21458,1285,22698,165,1075,47,1,0.943499,0.9923690000000001,0.047361,0.967317,2.96411149825784,3.010955999293161,1.5847833503923576,1.6074669730040207
