Type,Filter,TRUTH.TOTAL,TRUTH.TP,TRUTH.FN,QUERY.TOTAL,QUERY.FP,QUERY.UNK,FP.gt,FP.al,METRIC.Recall,METRIC.Precision,METRIC.Frac_NA,METRIC.F1_Score,TRUTH.TOTAL.TiTv_ratio,QUERY.TOTAL.TiTv_ratio,TRUTH.TOTAL.het_hom_ratio,QUERY.TOTAL.het_hom_ratio
INDEL,ALL,522389,198843,323546,378419,67995,111541,23102,20276,0.380642,0.745221,0.29475500000000004,0.5039020000000001,,,1.5140117576138536,0.9158707177601633
INDEL,PASS,522389,198819,323570,377770,67573,111331,23102,20216,0.380596,0.7463850000000001,0.29470599999999997,0.504127,,,1.5140117576138536,0.9124907558823836
SNP,ALL,3352679,1874301,1478378,2306425,242434,189614,141458,3920,0.559046,0.8854719999999999,0.082211,0.685377,2.0975722178140814,2.0572367993829572,1.5743345845517158,0.9602400829748525
SNP,PASS,3352679,1850429,1502250,2259674,236908,172265,139469,3782,0.551925,0.8865059999999999,0.07623400000000001,0.680304,2.0975722178140814,2.063104625034221,1.5743345845517158,0.9659551359705919
