Type,Filter,TRUTH.TOTAL,TRUTH.TP,TRUTH.FN,QUERY.TOTAL,QUERY.FP,QUERY.UNK,FP.gt,FP.al,METRIC.Recall,METRIC.Precision,METRIC.Frac_NA,METRIC.F1_Score,TRUTH.TOTAL.TiTv_ratio,QUERY.TOTAL.TiTv_ratio,TRUTH.TOTAL.het_hom_ratio,QUERY.TOTAL.het_hom_ratio
INDEL,ALL,500793,235692,265101,447368,73577,138048,24257,22777,0.470638,0.762133,0.308578,0.581922,,,1.4790521868945146,0.9584681842187225
INDEL,PASS,500793,235657,265136,446599,73061,137823,24256,22718,0.47056800000000004,0.7633850000000001,0.308606,0.582234,,,1.4790521868945146,0.954997043436655
SNP,ALL,3314143,2170527,1143616,2622180,227447,224127,134344,3996,0.654929,0.9051530000000001,0.085474,0.7599739999999999,2.100052932616592,2.048041354287846,1.5296134232553806,0.9991062045571366
SNP,PASS,3314143,2143391,1170752,2570138,221624,205046,132514,3833,0.646741,0.906294,0.07977999999999999,0.7548279999999999,2.100052932616592,2.053210619082232,1.5296134232553806,1.005066211134271
