Type,Filter,TRUTH.TOTAL,TRUTH.TP,TRUTH.FN,QUERY.TOTAL,QUERY.FP,QUERY.UNK,FP.gt,FP.al,METRIC.Recall,METRIC.Precision,METRIC.Frac_NA,METRIC.F1_Score,TRUTH.TOTAL.TiTv_ratio,QUERY.TOTAL.TiTv_ratio,TRUTH.TOTAL.het_hom_ratio,QUERY.TOTAL.het_hom_ratio
INDEL,ALL,508274,171110,337164,337694,63616,102932,21278,18477,0.336649,0.729019,0.30480799999999997,0.4606,,,1.5010726729322714,0.8696449976424071
INDEL,PASS,508274,171091,337183,336997,63166,102700,21278,18431,0.33661199999999997,0.730402,0.30475,0.460841,,,1.5010726729322714,0.8656853778113585
SNP,ALL,3340471,1690414,1650057,2133119,252398,190231,148536,3795,0.506041,0.870091,0.08918,0.639912,2.097942603562915,2.063262751043802,1.578296918585843,0.903531636010476
SNP,PASS,3340471,1667411,1673060,2088217,247011,173720,146690,3636,0.499154,0.8709790000000001,0.083191,0.634614,2.097942603562915,2.068070879501029,1.578296918585843,0.9097174576863475
