Type,Filter,TRUTH.TOTAL,TRUTH.TP,TRUTH.FN,QUERY.TOTAL,QUERY.FP,QUERY.UNK,FP.gt,FP.al,METRIC.Recall,METRIC.Precision,METRIC.Frac_NA,METRIC.F1_Score,TRUTH.TOTAL.TiTv_ratio,QUERY.TOTAL.TiTv_ratio,TRUTH.TOTAL.het_hom_ratio,QUERY.TOTAL.het_hom_ratio
INDEL,ALL,508274,168724,339550,331590,62382,100448,21196,18024,0.331955,0.730114,0.30292800000000003,0.456401,,,1.5010726729322714,0.8520210956692034
INDEL,PASS,508274,168697,339577,331041,62044,100259,21196,17983,0.331902,0.731158,0.30286,0.45655500000000004,,,1.5010726729322714,0.8488773599491505
SNP,ALL,3340471,1674923,1665548,2114920,252807,187124,149945,3875,0.5014029999999999,0.8688620000000001,0.088478,0.635863,2.097942603562915,2.059806373502707,1.578296918585843,0.8923657043840634
SNP,PASS,3340471,1652717,1687754,2071796,247700,171317,148074,3730,0.49475600000000003,0.869664,0.08269,0.6307020000000001,2.097942603562915,2.064666838224202,1.578296918585843,0.8985284331213461
