Type,Filter,TRUTH.TOTAL,TRUTH.TP,TRUTH.FN,QUERY.TOTAL,QUERY.FP,QUERY.UNK,FP.gt,FP.al,METRIC.Recall,METRIC.Precision,METRIC.Frac_NA,METRIC.F1_Score,TRUTH.TOTAL.TiTv_ratio,QUERY.TOTAL.TiTv_ratio,TRUTH.TOTAL.het_hom_ratio,QUERY.TOTAL.het_hom_ratio
INDEL,ALL,522389,197898,324491,376051,67546,110566,23076,20118,0.378833,0.745575,0.29401900000000003,0.502395,,,1.5140117576138536,0.9120341322625173
INDEL,PASS,522389,197879,324510,375466,67167,110374,23075,20071,0.378796,0.746628,0.29396500000000003,0.5026010000000001,,,1.5140117576138536,0.908975404693186
SNP,ALL,3352679,1868733,1483946,2299505,242185,188508,141936,3850,0.557385,0.885275,0.081978,0.684068,2.0975722178140814,2.0554235209877394,1.5743345845517158,0.956085855899934
SNP,PASS,3352679,1844596,1508083,2253085,236829,171580,139959,3709,0.550186,0.886222,0.076153,0.678897,2.0975722178140814,2.0613470013204296,1.5743345845517158,0.9622618004289639
