Type,Filter,TRUTH.TOTAL,TRUTH.TP,TRUTH.FN,QUERY.TOTAL,QUERY.FP,QUERY.UNK,FP.gt,FP.al,METRIC.Recall,METRIC.Precision,METRIC.Frac_NA,METRIC.F1_Score,TRUTH.TOTAL.TiTv_ratio,QUERY.TOTAL.TiTv_ratio,TRUTH.TOTAL.het_hom_ratio,QUERY.TOTAL.het_hom_ratio
INDEL,ALL,522389,203504,318885,389002,69452,116006,23208,20791,0.38956399999999997,0.7455930000000001,0.298214,0.511746,,,1.5140117576138536,0.9465331326543235
INDEL,PASS,522389,203477,318912,388137,68866,115747,23208,20710,0.38951199999999997,0.747179,0.298212,0.512075,,,1.5140117576138536,0.9420845639590324
SNP,ALL,3352679,1900174,1452505,2333387,239061,194062,139243,3992,0.566763,0.8882540000000001,0.08316799999999999,0.691991,2.0975722178140814,2.0620086591445816,1.5743345845517158,0.974917919811169
SNP,PASS,3352679,1872392,1480287,2281358,233235,175645,137263,3817,0.558476,0.889237,0.07699099999999999,0.686072,2.0975722178140814,2.06818600485948,1.5743345845517158,0.983017365204901
