Type,Filter,TRUTH.TOTAL,TRUTH.TP,TRUTH.FN,QUERY.TOTAL,QUERY.FP,QUERY.UNK,FP.gt,FP.al,METRIC.Recall,METRIC.Precision,METRIC.Frac_NA,METRIC.F1_Score,TRUTH.TOTAL.TiTv_ratio,QUERY.TOTAL.TiTv_ratio,TRUTH.TOTAL.het_hom_ratio,QUERY.TOTAL.het_hom_ratio
INDEL,ALL,500793,235096,265697,446084,73266,137675,24221,22630,0.469447,0.762439,0.30863,0.581101,,,1.4790521868945146,0.9538164216306037
INDEL,PASS,500793,235062,265731,445410,72847,137447,24221,22586,0.46938,0.763455,0.308585,0.581344,,,1.4790521868945146,0.9507818461774653
SNP,ALL,3314143,2164404,1149739,2614478,227118,222861,135189,3770,0.653081,0.9050360000000001,0.085241,0.758687,2.100052932616592,2.047165710969754,1.5296134232553806,0.9934491022165816
SNP,PASS,3314143,2138199,1175944,2563771,221458,204023,133325,3638,0.645174,0.9061520000000001,0.079579,0.753711,2.100052932616592,2.0523237267234524,1.5296134232553806,0.9988317319690542
