Type,Filter,TRUTH.TOTAL,TRUTH.TP,TRUTH.FN,QUERY.TOTAL,QUERY.FP,QUERY.UNK,FP.gt,FP.al,METRIC.Recall,METRIC.Precision,METRIC.Frac_NA,METRIC.F1_Score,TRUTH.TOTAL.TiTv_ratio,QUERY.TOTAL.TiTv_ratio,TRUTH.TOTAL.het_hom_ratio,QUERY.TOTAL.het_hom_ratio
INDEL,ALL,508274,170040,338234,335650,63409,102165,21352,18367,0.334544,0.728424,0.30438000000000004,0.45850799999999997,,,1.5010726729322714,0.8622669641027976
INDEL,PASS,508274,170017,338257,335028,63007,101964,21352,18321,0.334499,0.729658,0.304345,0.45871000000000006,,,1.5010726729322714,0.8587378999903257
SNP,ALL,3340471,1684229,1656242,2126308,252864,189141,148722,3786,0.504189,0.869467,0.08895299999999999,0.638261,2.097942603562915,2.061965581235971,1.578296918585843,0.9001927312775331
SNP,PASS,3340471,1661911,1678560,2082333,247550,172799,146870,3645,0.497508,0.870361,0.082983,0.6331180000000001,2.097942603562915,2.067082338700058,1.578296918585843,0.9058820405820242
