Type,Filter,TRUTH.TOTAL,TRUTH.TP,TRUTH.FN,QUERY.TOTAL,QUERY.FP,QUERY.UNK,FP.gt,FP.al,METRIC.Recall,METRIC.Precision,METRIC.Frac_NA,METRIC.F1_Score,TRUTH.TOTAL.TiTv_ratio,QUERY.TOTAL.TiTv_ratio,TRUTH.TOTAL.het_hom_ratio,QUERY.TOTAL.het_hom_ratio
INDEL,ALL,522389,201761,320628,384186,68681,113701,23095,20520,0.386228,0.746082,0.295953,0.508973,,,1.5140117576138536,0.9317752315665757
INDEL,PASS,522389,201734,320655,383364,68120,113458,23095,20452,0.386176,0.747616,0.295954,0.5092840000000001,,,1.5140117576138536,0.9275192734841385
SNP,ALL,3352679,1891217,1461462,2323059,239962,191799,140336,3889,0.564091,0.887408,0.082563,0.6897409999999999,2.0975722178140814,2.0597054233962564,1.5743345845517158,0.9683514102908558
SNP,PASS,3352679,1863319,1489360,2271513,234285,173834,138349,3744,0.55577,0.8883120000000001,0.076528,0.683752,2.0975722178140814,2.065987244643209,1.5743345845517158,0.9770221516452672
