Type,Filter,TRUTH.TOTAL,TRUTH.TP,TRUTH.FN,QUERY.TOTAL,QUERY.FP,QUERY.UNK,FP.gt,FP.al,METRIC.Recall,METRIC.Precision,METRIC.Frac_NA,METRIC.F1_Score,TRUTH.TOTAL.TiTv_ratio,QUERY.TOTAL.TiTv_ratio,TRUTH.TOTAL.het_hom_ratio,QUERY.TOTAL.het_hom_ratio
INDEL,ALL,508274,170473,337801,336061,63361,102189,21339,18384,0.335396,0.729078,0.304079,0.459438,,,1.5010726729322714,0.8661797714402908
INDEL,PASS,508274,170448,337826,335470,62993,101983,21338,18345,0.335347,0.730208,0.304,0.45961599999999997,,,1.5010726729322714,0.8628129023437054
SNP,ALL,3340471,1687066,1653405,2128450,251851,189460,148556,3844,0.505038,0.8701120000000001,0.089013,0.639116,2.097942603562915,2.062997371332707,1.578296918585843,0.9017378185568705
SNP,PASS,3340471,1664106,1676365,2083871,246677,173023,146701,3703,0.49816499999999997,0.870907,0.08302999999999999,0.633795,2.097942603562915,2.0680052814491305,1.578296918585843,0.9081496475889957
