Type,Filter,TRUTH.TOTAL,TRUTH.TP,TRUTH.FN,QUERY.TOTAL,QUERY.FP,QUERY.UNK,FP.gt,FP.al,METRIC.Recall,METRIC.Precision,METRIC.Frac_NA,METRIC.F1_Score,TRUTH.TOTAL.TiTv_ratio,QUERY.TOTAL.TiTv_ratio,TRUTH.TOTAL.het_hom_ratio,QUERY.TOTAL.het_hom_ratio
INDEL,ALL,500793,233220,267573,441618,72870,135480,24347,22459,0.46570100000000003,0.76197,0.30678099999999997,0.578087,,,1.4790521868945146,0.9403798453822896
INDEL,PASS,500793,233191,267602,441034,72483,135306,24347,22414,0.46564300000000003,0.762917,0.306793,0.5783149999999999,,,1.4790521868945146,0.9377364981080152
SNP,ALL,3314143,2154424,1159719,2603913,228296,221113,136350,3841,0.65007,0.9041899999999999,0.08491599999999999,0.756356,2.100052932616592,2.0441559261254922,1.5296134232553806,0.9871933163402016
SNP,PASS,3314143,2129796,1184347,2555520,222903,202745,134482,3696,0.6426390000000001,0.9052600000000001,0.079336,0.751671,2.100052932616592,2.049462296318036,1.5296134232553806,0.9918920794371938
