Type,Filter,TRUTH.TOTAL,TRUTH.TP,TRUTH.FN,QUERY.TOTAL,QUERY.FP,QUERY.UNK,FP.gt,FP.al,METRIC.Recall,METRIC.Precision,METRIC.Frac_NA,METRIC.F1_Score,TRUTH.TOTAL.TiTv_ratio,QUERY.TOTAL.TiTv_ratio,TRUTH.TOTAL.het_hom_ratio,QUERY.TOTAL.het_hom_ratio
INDEL,ALL,500793,232756,268037,440032,72314,134915,24318,22362,0.464775,0.762996,0.306603,0.577667,,,1.4790521868945146,0.9350636994617713
INDEL,PASS,500793,232728,268065,439477,71972,134726,24318,22313,0.46471899999999994,0.763833,0.30656,0.577864,,,1.4790521868945146,0.932549247023432
SNP,ALL,3314143,2151557,1162586,2600263,228285,220345,136963,3748,0.649205,0.9040790000000001,0.08474,0.755731,2.100052932616592,2.044567853831674,1.5296134232553806,0.9841100102050708
SNP,PASS,3314143,2126847,1187296,2552140,223020,202198,135119,3608,0.641749,0.9050959999999999,0.07922699999999999,0.751005,2.100052932616592,2.049612388283123,1.5296134232553806,0.9890473476712848
