Type,Filter,TRUTH.TOTAL,TRUTH.TP,TRUTH.FN,QUERY.TOTAL,QUERY.FP,QUERY.UNK,FP.gt,FP.al,METRIC.Recall,METRIC.Precision,METRIC.Frac_NA,METRIC.F1_Score,TRUTH.TOTAL.TiTv_ratio,QUERY.TOTAL.TiTv_ratio,TRUTH.TOTAL.het_hom_ratio,QUERY.TOTAL.het_hom_ratio
INDEL,ALL,508274,111696,396578,227817,50453,65647,20646,13284,0.219755,0.6888880000000001,0.288157,0.333215,,,1.5010726729322714,0.6071630915754068
INDEL,PASS,508274,111681,396593,227417,50193,65519,20646,13261,0.21972600000000003,0.689971,0.288101,0.333308,,,1.5010726729322714,0.6042944125303901
SNP,ALL,3340471,1159981,2180490,1589615,291810,137807,183414,3409,0.34725100000000003,0.799002,0.08669199999999999,0.48410600000000004,2.097942603562915,2.0178884288971015,1.578296918585843,0.6207523578748123
SNP,PASS,3340471,1140563,2199908,1554440,287764,126096,181735,3299,0.341438,0.7985329999999999,0.08112,0.47834399999999994,2.097942603562915,2.02076281889366,1.578296918585843,0.6260308744410102
