Type,Filter,TRUTH.TOTAL,TRUTH.TP,TRUTH.FN,QUERY.TOTAL,QUERY.FP,QUERY.UNK,FP.gt,FP.al,METRIC.Recall,METRIC.Precision,METRIC.Frac_NA,METRIC.F1_Score,TRUTH.TOTAL.TiTv_ratio,QUERY.TOTAL.TiTv_ratio,TRUTH.TOTAL.het_hom_ratio,QUERY.TOTAL.het_hom_ratio
INDEL,ALL,500793,153213,347580,303386,63133,87003,25885,17084,0.30594099999999996,0.7082350000000001,0.286773,0.427299,,,1.4790521868945146,0.6357286799145604
INDEL,PASS,500793,153195,347598,303050,62904,86910,25885,17061,0.30590500000000004,0.708966,0.28678400000000004,0.427397,,,1.4790521868945146,0.6338837121191322
SNP,ALL,3314143,1507523,1806620,1996172,326063,162577,204313,4021,0.454876,0.8221729999999999,0.081444,0.585704,2.100052932616592,1.9746185179336053,1.5296134232553806,0.6528558389777586
SNP,PASS,3314143,1486885,1827258,1958315,321837,149588,202511,3884,0.44864799999999994,0.8220639999999999,0.076386,0.58049,2.100052932616592,1.9772347268836032,1.5296134232553806,0.6567597780491375
