Type,Filter,TRUTH.TOTAL,TRUTH.TP,TRUTH.FN,QUERY.TOTAL,QUERY.FP,QUERY.UNK,FP.gt,FP.al,METRIC.Recall,METRIC.Precision,METRIC.Frac_NA,METRIC.F1_Score,TRUTH.TOTAL.TiTv_ratio,QUERY.TOTAL.TiTv_ratio,TRUTH.TOTAL.het_hom_ratio,QUERY.TOTAL.het_hom_ratio
INDEL,ALL,508274,112305,395969,228548,50305,65916,20636,13317,0.22095399999999998,0.690682,0.288412,0.334802,,,1.5010726729322714,0.6113576564886043
INDEL,PASS,508274,112292,395982,228156,50057,65781,20636,13296,0.220928,0.69172,0.28831599999999996,0.334894,,,1.5010726729322714,0.6085472781629302
SNP,ALL,3340471,1165321,2175150,1593922,290414,138166,182975,3379,0.34884899999999996,0.800506,0.08668300000000001,0.48593500000000006,2.097942603562915,2.0204832539783286,1.578296918585843,0.6238556230383565
SNP,PASS,3340471,1144988,2195483,1557703,286359,126339,181281,3264,0.342762,0.79994,0.081106,0.479896,2.097942603562915,2.0234975848410692,1.578296918585843,0.6297573038552383
