Type,Filter,TRUTH.TOTAL,TRUTH.TP,TRUTH.FN,QUERY.TOTAL,QUERY.FP,QUERY.UNK,FP.gt,FP.al,METRIC.Recall,METRIC.Precision,METRIC.Frac_NA,METRIC.F1_Score,TRUTH.TOTAL.TiTv_ratio,QUERY.TOTAL.TiTv_ratio,TRUTH.TOTAL.het_hom_ratio,QUERY.TOTAL.het_hom_ratio
INDEL,ALL,508274,112934,395340,230708,50909,66844,20632,13512,0.22219099999999997,0.689322,0.289734,0.336059,,,1.5010726729322714,0.6179901125006242
INDEL,PASS,508274,112921,395353,230249,50608,66696,20632,13487,0.22216599999999997,0.690571,0.289669,0.33617800000000003,,,1.5010726729322714,0.6147156808891615
SNP,ALL,3340471,1170638,2169833,1600621,290981,138977,182869,3441,0.350441,0.800922,0.086827,0.487554,2.097942603562915,2.022642136426802,1.578296918585843,0.6272994998810209
SNP,PASS,3340471,1150303,2190168,1564256,286889,127039,181190,3309,0.344354,0.8003859999999999,0.081214,0.481534,2.097942603562915,2.0255248460657818,1.578296918585843,0.6330223689678866
