Type,Filter,TRUTH.TOTAL,TRUTH.TP,TRUTH.FN,QUERY.TOTAL,QUERY.FP,QUERY.UNK,FP.gt,FP.al,METRIC.Recall,METRIC.Precision,METRIC.Frac_NA,METRIC.F1_Score,TRUTH.TOTAL.TiTv_ratio,QUERY.TOTAL.TiTv_ratio,TRUTH.TOTAL.het_hom_ratio,QUERY.TOTAL.het_hom_ratio
INDEL,ALL,500793,156150,344643,310064,64115,89761,25859,17415,0.311805,0.708969,0.289492,0.433123,,,1.4790521868945146,0.6519859203893621
INDEL,PASS,500793,156132,344661,309644,63841,89627,25859,17388,0.31177,0.709836,0.289452,0.43325,,,1.4790521868945146,0.6497134631576088
SNP,ALL,3314143,1528032,1786111,2017380,323917,165419,202294,4012,0.46106400000000003,0.825095,0.081997,0.591562,2.100052932616592,1.982293350990715,1.5296134232553806,0.6652258848629564
SNP,PASS,3314143,1505570,1808573,1977044,319530,151935,200474,3905,0.45428599999999997,0.824926,0.07685,0.585911,2.100052932616592,1.9851393151464556,1.5296134232553806,0.6699992987193601
