Type,Filter,TRUTH.TOTAL,TRUTH.TP,TRUTH.FN,QUERY.TOTAL,QUERY.FP,QUERY.UNK,FP.gt,FP.al,METRIC.Recall,METRIC.Precision,METRIC.Frac_NA,METRIC.F1_Score,TRUTH.TOTAL.TiTv_ratio,QUERY.TOTAL.TiTv_ratio,TRUTH.TOTAL.het_hom_ratio,QUERY.TOTAL.het_hom_ratio
INDEL,ALL,522389,130097,392292,254717,54915,69672,22503,14740,0.249042,0.703234,0.273527,0.367824,,,1.5140117576138536,0.6388496362589627
INDEL,PASS,522389,130086,392303,254385,54689,69571,22503,14724,0.249021,0.704086,0.273487,0.36791799999999997,,,1.5140117576138536,0.636677657403046
SNP,ALL,3352679,1307005,2045674,1740170,295960,137197,185188,3471,0.389839,0.815368,0.078841,0.527482,2.0975722178140814,2.012986720723185,1.5743345845517158,0.6632389270881932
SNP,PASS,3352679,1286728,2065951,1703714,291901,125078,183408,3356,0.383791,0.8150930000000001,0.073415,0.521861,2.0975722178140814,2.016030343846185,1.5743345845517158,0.6686949655342679
