Type,Filter,TRUTH.TOTAL,TRUTH.TP,TRUTH.FN,QUERY.TOTAL,QUERY.FP,QUERY.UNK,FP.gt,FP.al,METRIC.Recall,METRIC.Precision,METRIC.Frac_NA,METRIC.F1_Score,TRUTH.TOTAL.TiTv_ratio,QUERY.TOTAL.TiTv_ratio,TRUTH.TOTAL.het_hom_ratio,QUERY.TOTAL.het_hom_ratio
INDEL,ALL,500793,152242,348551,301110,62454,86375,25853,16910,0.304002,0.709158,0.286855,0.42557,,,1.4790521868945146,0.6277749636611901
INDEL,PASS,500793,152231,348562,300794,62258,86263,25853,16883,0.30398000000000003,0.709795,0.28678400000000004,0.425663,,,1.4790521868945146,0.6260351054926662
SNP,ALL,3314143,1499684,1814459,1987916,327217,161018,205801,3910,0.45251,0.820889,0.080998,0.5834159999999999,2.100052932616592,1.9718182497571184,1.5296134232553806,0.6467796289958926
SNP,PASS,3314143,1479077,1835066,1950313,323058,148184,203981,3786,0.446292,0.820735,0.07597999999999999,0.5781850000000001,2.100052932616592,1.9743577623537736,1.5296134232553806,0.650777551255393
