Type,Filter,TRUTH.TOTAL,TRUTH.TP,TRUTH.FN,QUERY.TOTAL,QUERY.FP,QUERY.UNK,FP.gt,FP.al,METRIC.Recall,METRIC.Precision,METRIC.Frac_NA,METRIC.F1_Score,TRUTH.TOTAL.TiTv_ratio,QUERY.TOTAL.TiTv_ratio,TRUTH.TOTAL.het_hom_ratio,QUERY.TOTAL.het_hom_ratio
INDEL,ALL,522389,128505,393884,251242,54369,68333,22515,14466,0.245995,0.702754,0.271981,0.364425,,,1.5140117576138536,0.6310318198918876
INDEL,PASS,522389,128499,393890,250930,54153,68239,22514,14452,0.24598299999999998,0.703581,0.271944,0.364523,,,1.5140117576138536,0.6289725362849732
SNP,ALL,3352679,1294328,2058351,1726224,296716,135177,186824,3402,0.386058,0.813509,0.078308,0.523625,2.0975722178140814,2.0064968647534203,1.5743345845517158,0.6527576927128724
SNP,PASS,3352679,1273878,2078801,1690033,292711,123442,185094,3284,0.379958,0.813154,0.073041,0.517914,2.0975722178140814,2.009852085177001,1.5743345845517158,0.6584336894096815
