Type,Filter,TRUTH.TOTAL,TRUTH.TP,TRUTH.FN,QUERY.TOTAL,QUERY.FP,QUERY.UNK,FP.gt,FP.al,METRIC.Recall,METRIC.Precision,METRIC.Frac_NA,METRIC.F1_Score,TRUTH.TOTAL.TiTv_ratio,QUERY.TOTAL.TiTv_ratio,TRUTH.TOTAL.het_hom_ratio,QUERY.TOTAL.het_hom_ratio
INDEL,ALL,500793,157176,343617,311956,64237,90505,25827,17498,0.313854,0.7099270000000001,0.290121,0.435276,,,1.4790521868945146,0.6609059082150515
INDEL,PASS,500793,157159,343634,311478,63913,90361,25826,17466,0.31382,0.710954,0.290104,0.435436,,,1.4790521868945146,0.6583113957717046
SNP,ALL,3314143,1539694,1774449,2030350,323480,167168,200780,4200,0.46458299999999997,0.826383,0.082335,0.594785,2.100052932616592,1.9863443184659049,1.5296134232553806,0.6747820304113679
SNP,PASS,3314143,1515990,1798153,1988441,319113,153332,199002,4073,0.45743,0.8261069999999999,0.077112,0.58882,2.100052932616592,1.9891290134951731,1.5296134232553806,0.6800575027868231
