Type,Filter,TRUTH.TOTAL,TRUTH.TP,TRUTH.FN,QUERY.TOTAL,QUERY.FP,QUERY.UNK,FP.gt,FP.al,METRIC.Recall,METRIC.Precision,METRIC.Frac_NA,METRIC.F1_Score,TRUTH.TOTAL.TiTv_ratio,QUERY.TOTAL.TiTv_ratio,TRUTH.TOTAL.het_hom_ratio,QUERY.TOTAL.het_hom_ratio
INDEL,ALL,508274,109328,398946,222093,49151,63596,20521,12839,0.21509699999999998,0.689893,0.28634899999999996,0.327946,,,1.5010726729322714,0.5916150311997146
INDEL,PASS,508274,109311,398963,221757,48926,63497,20521,12819,0.215063,0.69085,0.28633600000000003,0.328015,,,1.5010726729322714,0.5891685658324899
SNP,ALL,3340471,1141974,2198497,1568817,292391,134435,185187,3521,0.34186,0.7961550000000001,0.08569199999999999,0.47833100000000006,2.097942603562915,2.0106450337885806,1.578296918585843,0.6063867050673309
SNP,PASS,3340471,1122698,2217773,1534492,288470,123311,183515,3398,0.33609,0.795583,0.080359,0.472552,2.097942603562915,2.0132644065866536,1.578296918585843,0.6118023679120496
