Type,Filter,TRUTH.TOTAL,TRUTH.TP,TRUTH.FN,QUERY.TOTAL,QUERY.FP,QUERY.UNK,FP.gt,FP.al,METRIC.Recall,METRIC.Precision,METRIC.Frac_NA,METRIC.F1_Score,TRUTH.TOTAL.TiTv_ratio,QUERY.TOTAL.TiTv_ratio,TRUTH.TOTAL.het_hom_ratio,QUERY.TOTAL.het_hom_ratio
INDEL,ALL,522389,134280,388109,262722,56033,72372,22646,15125,0.25705,0.7056319999999999,0.27547,0.376828,,,1.5140117576138536,0.6615143845276967
INDEL,PASS,522389,134263,388126,262243,55717,72217,22646,15095,0.257017,0.706793,0.275382,0.376958,,,1.5140117576138536,0.6584294555969885
SNP,ALL,3352679,1335843,2016836,1768450,292427,140173,183544,3456,0.39844,0.820407,0.079263,0.536381,2.0975722178140814,2.020679208421283,1.5743345845517158,0.678091761440756
SNP,PASS,3352679,1310773,2041906,1726094,288206,127112,181777,3318,0.390963,0.819757,0.073641,0.529428,2.0975722178140814,2.0242546758481517,1.5743345845517158,0.6864604640389823
