Type,Filter,TRUTH.TOTAL,TRUTH.TP,TRUTH.FN,QUERY.TOTAL,QUERY.FP,QUERY.UNK,FP.gt,FP.al,METRIC.Recall,METRIC.Precision,METRIC.Frac_NA,METRIC.F1_Score,TRUTH.TOTAL.TiTv_ratio,QUERY.TOTAL.TiTv_ratio,TRUTH.TOTAL.het_hom_ratio,QUERY.TOTAL.het_hom_ratio
INDEL,ALL,522389,137090,385299,269590,57219,75245,22809,15539,0.262429,0.70558,0.279109,0.38256799999999996,,,1.5140117576138536,0.6800503077538731
INDEL,PASS,522389,137074,385315,269072,56862,75093,22809,15508,0.262398,0.706865,0.27908099999999997,0.38272399999999995,,,1.5140117576138536,0.6767706282157149
SNP,ALL,3352679,1356051,1996628,1789993,290046,143888,181205,3544,0.404468,0.823799,0.080385,0.542553,2.0975722178140814,2.0287009140106,1.5743345845517158,0.6934846610787827
SNP,PASS,3352679,1330883,2021796,1746888,285654,130345,179429,3427,0.396961,0.823293,0.074616,0.535651,2.0975722178140814,2.031874742966612,1.5743345845517158,0.7015372534042106
