Type,Filter,TRUTH.TOTAL,TRUTH.TP,TRUTH.FN,QUERY.TOTAL,QUERY.FP,QUERY.UNK,FP.gt,FP.al,METRIC.Recall,METRIC.Precision,METRIC.Frac_NA,METRIC.F1_Score,TRUTH.TOTAL.TiTv_ratio,QUERY.TOTAL.TiTv_ratio,TRUTH.TOTAL.het_hom_ratio,QUERY.TOTAL.het_hom_ratio
INDEL,ALL,690,643,47,1049,62,342,8,9,0.931884,0.912306,0.326025,0.921991,,,1.0581039755351682,1.4214285714285715
INDEL,PASS,690,640,50,1019,53,324,8,9,0.927536,0.923741,0.317959,0.925635,,,1.0581039755351682,1.35
SNP,ALL,22589,22191,398,25687,428,3068,47,7,0.982381,0.9810780000000001,0.11943800000000002,0.9817290000000001,2.9636842105263157,2.831097197376267,1.5521645755623374,1.6737160120845922
SNP,PASS,22589,21868,721,24344,217,2259,35,7,0.968082,0.990174,0.092795,0.9790030000000001,2.9636842105263157,2.873409669211196,1.5521645755623374,1.6416856739437384
