Type,Filter,TRUTH.TOTAL,TRUTH.TP,TRUTH.FN,QUERY.TOTAL,QUERY.FP,QUERY.UNK,FP.gt,FP.al,METRIC.Recall,METRIC.Precision,METRIC.Frac_NA,METRIC.F1_Score,TRUTH.TOTAL.TiTv_ratio,QUERY.TOTAL.TiTv_ratio,TRUTH.TOTAL.het_hom_ratio,QUERY.TOTAL.het_hom_ratio
INDEL,ALL,682,637,45,1031,61,331,7,13,0.934018,0.9128569999999999,0.321048,0.923316,,,0.9881656804733728,1.3824228028503562
INDEL,PASS,682,637,45,1008,55,314,7,13,0.934018,0.9207489999999999,0.311508,0.927336,,,0.9881656804733728,1.327790973871734
SNP,ALL,22743,22325,418,25604,439,2842,56,4,0.981621,0.980713,0.110998,0.981167,2.96411149825784,2.8420815836832634,1.5847833503923576,1.6899053627760252
SNP,PASS,22743,21977,766,24171,212,1984,44,3,0.966319,0.990445,0.082082,0.978233,2.96411149825784,2.885301204819277,1.5847833503923576,1.6472264854198642
