Type,Filter,TRUTH.TOTAL,TRUTH.TP,TRUTH.FN,QUERY.TOTAL,QUERY.FP,QUERY.UNK,FP.gt,FP.al,METRIC.Recall,METRIC.Precision,METRIC.Frac_NA,METRIC.F1_Score,TRUTH.TOTAL.TiTv_ratio,QUERY.TOTAL.TiTv_ratio,TRUTH.TOTAL.het_hom_ratio,QUERY.TOTAL.het_hom_ratio
INDEL,ALL,690,630,60,1018,51,335,7,10,0.913043,0.9253290000000001,0.329077,0.9191450000000001,,,1.0581039755351682,1.3094688221709008
INDEL,PASS,690,629,61,996,47,318,7,10,0.911594,0.9306780000000001,0.319277,0.9210370000000001,,,1.0581039755351682,1.2586605080831408
SNP,ALL,22589,22105,484,25535,404,3026,55,8,0.9785739999999999,0.982052,0.118504,0.98031,2.9636842105263157,2.838617580766341,1.5521645755623374,1.6529063117396277
SNP,PASS,22589,21821,768,24305,215,2269,46,8,0.966001,0.990243,0.093355,0.977972,2.9636842105263157,2.8862074476586224,1.5521645755623374,1.625756920415225
