Type,Filter,TRUTH.TOTAL,TRUTH.TP,TRUTH.FN,QUERY.TOTAL,QUERY.FP,QUERY.UNK,FP.gt,FP.al,METRIC.Recall,METRIC.Precision,METRIC.Frac_NA,METRIC.F1_Score,TRUTH.TOTAL.TiTv_ratio,QUERY.TOTAL.TiTv_ratio,TRUTH.TOTAL.het_hom_ratio,QUERY.TOTAL.het_hom_ratio
INDEL,ALL,682,640,42,1025,61,322,7,10,0.938416,0.9132290000000001,0.314146,0.925651,,,0.9881656804733728,1.331002331002331
INDEL,PASS,682,640,42,1001,52,307,7,9,0.938416,0.9250719999999999,0.306693,0.9316959999999999,,,0.9881656804733728,1.275058275058275
SNP,ALL,22743,22293,450,25502,425,2786,52,2,0.9802139999999999,0.981291,0.10924600000000001,0.9807520000000001,2.96411149825784,2.8500301750150876,1.5847833503923576,1.678511354079058
SNP,PASS,22743,21976,767,24184,227,1983,41,1,0.966275,0.989775,0.081996,0.977884,2.96411149825784,2.9013380622279543,1.5847833503923576,1.6430368668635817
