Type,Filter,TRUTH.TOTAL,TRUTH.TP,TRUTH.FN,QUERY.TOTAL,QUERY.FP,QUERY.UNK,FP.gt,FP.al,METRIC.Recall,METRIC.Precision,METRIC.Frac_NA,METRIC.F1_Score,TRUTH.TOTAL.TiTv_ratio,QUERY.TOTAL.TiTv_ratio,TRUTH.TOTAL.het_hom_ratio,QUERY.TOTAL.het_hom_ratio
INDEL,ALL,682,643,39,1038,66,327,8,15,0.942815,0.907173,0.315029,0.924651,,,0.9881656804733728,1.3591549295774648
INDEL,PASS,682,643,39,1009,48,316,8,15,0.942815,0.930736,0.313181,0.936737,,,0.9881656804733728,1.2910798122065728
SNP,ALL,22743,22350,393,25645,417,2880,46,1,0.98272,0.9816819999999999,0.112303,0.982201,2.96411149825784,2.8410417602155364,1.5847833503923576,1.6844090528080469
SNP,PASS,22743,22001,742,24162,187,1976,36,1,0.967375,0.9915709999999999,0.08178099999999999,0.9793229999999999,2.96411149825784,2.8848007712082264,1.5847833503923576,1.6385002186270223
