Type,Filter,TRUTH.TOTAL,TRUTH.TP,TRUTH.FN,QUERY.TOTAL,QUERY.FP,QUERY.UNK,FP.gt,FP.al,METRIC.Recall,METRIC.Precision,METRIC.Frac_NA,METRIC.F1_Score,TRUTH.TOTAL.TiTv_ratio,QUERY.TOTAL.TiTv_ratio,TRUTH.TOTAL.het_hom_ratio,QUERY.TOTAL.het_hom_ratio
INDEL,ALL,690,641,49,1047,63,341,4,9,0.9289860000000001,0.9107649999999999,0.325692,0.9197850000000001,,,1.0581039755351682,1.3602771362586605
INDEL,PASS,690,640,50,1018,49,327,4,9,0.927536,0.9290879999999999,0.321218,0.928312,,,1.0581039755351682,1.2933025404157044
SNP,ALL,22589,22149,440,25628,424,3055,42,7,0.9805209999999999,0.981216,0.11920599999999999,0.9808690000000001,2.9636842105263157,2.8341558247345597,1.5521645755623374,1.6654522743832623
SNP,PASS,22589,21862,727,24364,223,2279,30,7,0.967816,0.9899030000000001,0.09354,0.978735,2.9636842105263157,2.882605925453966,1.5521645755623374,1.6388075880758808
