Type,Filter,TRUTH.TOTAL,TRUTH.TP,TRUTH.FN,QUERY.TOTAL,QUERY.FP,QUERY.UNK,FP.gt,FP.al,METRIC.Recall,METRIC.Precision,METRIC.Frac_NA,METRIC.F1_Score,TRUTH.TOTAL.TiTv_ratio,QUERY.TOTAL.TiTv_ratio,TRUTH.TOTAL.het_hom_ratio,QUERY.TOTAL.het_hom_ratio
INDEL,ALL,643,606,37,985,46,327,4,9,0.942457,0.930091,0.33198,0.936233,,,0.9904458598726115,1.3663366336633664
INDEL,PASS,643,606,37,955,40,303,4,9,0.942457,0.93865,0.317277,0.94055,,,0.9904458598726115,1.2920792079207921
SNP,ALL,22543,22146,397,25818,400,3281,49,3,0.982389,0.982251,0.127082,0.9823200000000001,2.9467973398669933,2.8095870206489675,1.6274052478134111,1.7054320469798658
SNP,PASS,22543,21837,706,24421,195,2398,35,1,0.9686819999999999,0.9911459999999999,0.098194,0.979785,2.9467973398669933,2.8572781812440797,1.6274052478134111,1.6856702619414483
