Type,Filter,TRUTH.TOTAL,TRUTH.TP,TRUTH.FN,QUERY.TOTAL,QUERY.FP,QUERY.UNK,FP.gt,FP.al,METRIC.Recall,METRIC.Precision,METRIC.Frac_NA,METRIC.F1_Score,TRUTH.TOTAL.TiTv_ratio,QUERY.TOTAL.TiTv_ratio,TRUTH.TOTAL.het_hom_ratio,QUERY.TOTAL.het_hom_ratio
INDEL,ALL,690,639,51,1038,50,347,5,11,0.9260870000000001,0.9276409999999999,0.33429699999999996,0.9268629999999999,,,1.0581039755351682,1.3891509433962264
INDEL,PASS,690,639,51,1013,41,331,5,10,0.9260870000000001,0.939883,0.326752,0.932934,,,1.0581039755351682,1.330188679245283
SNP,ALL,22589,22208,381,25717,431,3078,38,7,0.983133,0.9809620000000001,0.11968699999999999,0.9820469999999999,2.9636842105263157,2.8348487106871367,1.5521645755623374,1.668501402014747
SNP,PASS,22589,21853,736,24305,193,2259,27,7,0.967418,0.991246,0.092944,0.979187,2.9636842105263157,2.884345047923323,1.5521645755623374,1.6351600651112317
