Type,Filter,TRUTH.TOTAL,TRUTH.TP,TRUTH.FN,QUERY.TOTAL,QUERY.FP,QUERY.UNK,FP.gt,FP.al,METRIC.Recall,METRIC.Precision,METRIC.Frac_NA,METRIC.F1_Score,TRUTH.TOTAL.TiTv_ratio,QUERY.TOTAL.TiTv_ratio,TRUTH.TOTAL.het_hom_ratio,QUERY.TOTAL.het_hom_ratio
INDEL,ALL,643,604,39,999,45,344,7,5,0.9393469999999999,0.931298,0.344344,0.9353049999999999,,,0.9904458598726115,1.3519417475728155
INDEL,PASS,643,603,40,961,35,317,7,4,0.937792,0.945652,0.329865,0.9417049999999999,,,0.9904458598726115,1.2597087378640777
SNP,ALL,22543,22162,381,25839,374,3312,47,4,0.983099,0.983398,0.128178,0.983248,2.9467973398669933,2.8004998529844163,1.6274052478134111,1.7137902039100272
SNP,PASS,22543,21823,720,24413,183,2416,29,4,0.9680610000000001,0.9916809999999999,0.098964,0.9797290000000001,2.9467973398669933,2.84706252953221,1.6274052478134111,1.688526397002094
