Type,Filter,TRUTH.TOTAL,TRUTH.TP,TRUTH.FN,QUERY.TOTAL,QUERY.FP,QUERY.UNK,FP.gt,FP.al,METRIC.Recall,METRIC.Precision,METRIC.Frac_NA,METRIC.F1_Score,TRUTH.TOTAL.TiTv_ratio,QUERY.TOTAL.TiTv_ratio,TRUTH.TOTAL.het_hom_ratio,QUERY.TOTAL.het_hom_ratio
INDEL,ALL,643,612,31,1021,49,354,6,10,0.951788,0.926537,0.346719,0.9389930000000001,,,0.9904458598726115,1.3278688524590163
INDEL,PASS,643,612,31,993,39,336,6,9,0.951788,0.9406389999999999,0.33836900000000003,0.9461809999999999,,,0.9904458598726115,1.2622950819672132
SNP,ALL,22543,22171,372,25851,408,3281,46,0,0.983498,0.981923,0.12692,0.9827100000000001,2.9467973398669933,2.8012933568489125,1.6274052478134111,1.7152317880794703
SNP,PASS,22543,21862,681,24411,188,2370,28,0,0.969791,0.9914700000000001,0.097087,0.980511,2.9467973398669933,2.843877872206484,1.6274052478134111,1.690864960282436
