Type,Filter,TRUTH.TOTAL,TRUTH.TP,TRUTH.FN,QUERY.TOTAL,QUERY.FP,QUERY.UNK,FP.gt,FP.al,METRIC.Recall,METRIC.Precision,METRIC.Frac_NA,METRIC.F1_Score,TRUTH.TOTAL.TiTv_ratio,QUERY.TOTAL.TiTv_ratio,TRUTH.TOTAL.het_hom_ratio,QUERY.TOTAL.het_hom_ratio
INDEL,ALL,682,632,50,999,66,299,8,9,0.926686,0.9057139999999999,0.299299,0.9160799999999999,,,0.9881656804733728,1.392156862745098
INDEL,PASS,682,632,50,979,55,290,8,9,0.926686,0.9201739999999999,0.296221,0.9234190000000001,,,0.9881656804733728,1.3431372549019607
SNP,ALL,22743,22246,497,25414,409,2761,56,1,0.978147,0.9819450000000001,0.108641,0.980042,2.96411149825784,2.8341625207296848,1.5847833503923576,1.674778761061947
SNP,PASS,22743,21914,829,24130,215,2003,45,1,0.963549,0.990283,0.083009,0.976733,2.96411149825784,2.876083467094703,1.5847833503923576,1.6512318521777387
