Type,Filter,TRUTH.TOTAL,TRUTH.TP,TRUTH.FN,QUERY.TOTAL,QUERY.FP,QUERY.UNK,FP.gt,FP.al,METRIC.Recall,METRIC.Precision,METRIC.Frac_NA,METRIC.F1_Score,TRUTH.TOTAL.TiTv_ratio,QUERY.TOTAL.TiTv_ratio,TRUTH.TOTAL.het_hom_ratio,QUERY.TOTAL.het_hom_ratio
INDEL,ALL,643,594,49,982,62,320,4,11,0.923795,0.906344,0.325866,0.9149860000000001,,,0.9904458598726115,1.353960396039604
INDEL,PASS,643,593,50,955,49,307,4,10,0.92224,0.924383,0.321466,0.9233100000000001,,,0.9904458598726115,1.2871287128712872
SNP,ALL,22543,22069,474,25700,423,3217,56,2,0.978974,0.9811860000000001,0.125175,0.9800780000000001,2.9467973398669933,2.813139552128133,1.6274052478134111,1.7021254208754208
SNP,PASS,22543,21774,769,24415,216,2434,37,2,0.965887,0.990173,0.09969299999999999,0.97788,2.9467973398669933,2.852839116719243,1.6274052478134111,1.6835331646683533
