Type,Filter,TRUTH.TOTAL,TRUTH.TP,TRUTH.FN,QUERY.TOTAL,QUERY.FP,QUERY.UNK,FP.gt,FP.al,METRIC.Recall,METRIC.Precision,METRIC.Frac_NA,METRIC.F1_Score,TRUTH.TOTAL.TiTv_ratio,QUERY.TOTAL.TiTv_ratio,TRUTH.TOTAL.het_hom_ratio,QUERY.TOTAL.het_hom_ratio
INDEL,ALL,522389,199347,323042,216414,2089,15121,509,547,0.381606,0.9896219999999999,0.069871,0.550814,,,1.5140117576138536,1.9269773858472192
INDEL,PASS,522389,199347,323042,216414,2089,15121,509,547,0.381606,0.9896219999999999,0.069871,0.550814,,,1.5140117576138536,1.9269773858472192
SNP,ALL,3352679,3212631,140048,3411609,21239,177534,6463,1172,0.9582280000000001,0.993433,0.052038,0.975513,2.0975722178140814,2.1118985983942555,1.5743345845517158,1.5988977001774953
SNP,PASS,3352679,3212631,140048,3411609,21239,177534,6463,1172,0.9582280000000001,0.993433,0.052038,0.975513,2.0975722178140814,2.1118985983942555,1.5743345845517158,1.5988977001774953
