Type,Filter,TRUTH.TOTAL,TRUTH.TP,TRUTH.FN,QUERY.TOTAL,QUERY.FP,QUERY.UNK,FP.gt,FP.al,METRIC.Recall,METRIC.Precision,METRIC.Frac_NA,METRIC.F1_Score,TRUTH.TOTAL.TiTv_ratio,QUERY.TOTAL.TiTv_ratio,TRUTH.TOTAL.het_hom_ratio,QUERY.TOTAL.het_hom_ratio
INDEL,ALL,500793,195885,304908,214825,1795,17260,346,578,0.39115,0.990914,0.080344,0.560894,,,1.4790521868945146,1.8584240359794555
INDEL,PASS,500793,195885,304908,214825,1795,17260,346,578,0.39115,0.990914,0.080344,0.560894,,,1.4790521868945146,1.8584240359794555
SNP,ALL,3314143,3181715,132428,3390472,17060,191506,4920,1023,0.9600420000000001,0.994667,0.056484000000000006,0.9770479999999999,2.100052932616592,2.113169121036326,1.5296134232553806,1.548953567223852
SNP,PASS,3314143,3181715,132428,3390472,17060,191506,4920,1023,0.9600420000000001,0.994667,0.056484000000000006,0.9770479999999999,2.100052932616592,2.113169121036326,1.5296134232553806,1.548953567223852
