Type,Filter,TRUTH.TOTAL,TRUTH.TP,TRUTH.FN,QUERY.TOTAL,QUERY.FP,QUERY.UNK,FP.gt,FP.al,METRIC.Recall,METRIC.Precision,METRIC.Frac_NA,METRIC.F1_Score,TRUTH.TOTAL.TiTv_ratio,QUERY.TOTAL.TiTv_ratio,TRUTH.TOTAL.het_hom_ratio,QUERY.TOTAL.het_hom_ratio
INDEL,ALL,508274,197298,310976,216321,2006,17142,461,607,0.388173,0.9899290000000001,0.079243,0.55767,,,1.5010726729322714,1.9105501809717307
INDEL,PASS,508274,197298,310976,216321,2006,17142,461,607,0.388173,0.9899290000000001,0.079243,0.55767,,,1.5010726729322714,1.9105501809717307
SNP,ALL,3340471,3202593,137878,3419814,20523,196509,6529,1152,0.958725,0.993633,0.057462,0.975867,2.097942603562915,2.109945982321487,1.578296918585843,1.6004967081299837
SNP,PASS,3340471,3202593,137878,3419814,20523,196509,6529,1152,0.958725,0.993633,0.057462,0.975867,2.097942603562915,2.109945982321487,1.578296918585843,1.6004967081299837
