Type,Filter,TRUTH.TOTAL,TRUTH.TP,TRUTH.FN,QUERY.TOTAL,QUERY.FP,QUERY.UNK,FP.gt,FP.al,METRIC.Recall,METRIC.Precision,METRIC.Frac_NA,METRIC.F1_Score,TRUTH.TOTAL.TiTv_ratio,QUERY.TOTAL.TiTv_ratio,TRUTH.TOTAL.het_hom_ratio,QUERY.TOTAL.het_hom_ratio
INDEL,ALL,500793,233885,266908,443517,73040,136548,24273,22571,0.46702899999999997,0.762061,0.307875,0.5791350000000001,,,1.4790521868945146,0.9464734718981205
INDEL,PASS,500793,233860,266933,442857,72608,136341,24273,22506,0.466979,0.7631180000000001,0.307867,0.5794020000000001,,,1.4790521868945146,0.9434887212604692
SNP,ALL,3314143,2158495,1155648,2608115,227563,221971,135620,3822,0.6512979999999999,0.904631,0.085108,0.7573409999999999,2.100052932616592,2.045871431090105,1.5296134232553806,0.9904717262734075
SNP,PASS,3314143,2132776,1181367,2558201,222036,203305,133764,3676,0.643538,0.9057129999999999,0.079472,0.752442,2.100052932616592,2.0508504889745245,1.5296134232553806,0.9956527405058303
