Type,Filter,TRUTH.TOTAL,TRUTH.TP,TRUTH.FN,QUERY.TOTAL,QUERY.FP,QUERY.UNK,FP.gt,FP.al,METRIC.Recall,METRIC.Precision,METRIC.Frac_NA,METRIC.F1_Score,TRUTH.TOTAL.TiTv_ratio,QUERY.TOTAL.TiTv_ratio,TRUTH.TOTAL.het_hom_ratio,QUERY.TOTAL.het_hom_ratio
INDEL,ALL,500793,233794,266999,442444,72631,135970,24246,22394,0.46684799999999993,0.763011,0.307316,0.57927,,,1.4790521868945146,0.9424249828066746
INDEL,PASS,500793,233769,267024,441829,72252,135755,24246,22341,0.46679799999999994,0.763939,0.307257,0.579498,,,1.4790521868945146,0.9396511548989888
SNP,ALL,3314143,2156784,1157359,2605921,227860,221189,136201,3728,0.650782,0.90445,0.084879,0.756929,2.100052932616592,2.0454577320792193,1.5296134232553806,0.9879007458256199
SNP,PASS,3314143,2131289,1182854,2556631,222424,202832,134304,3602,0.643089,0.9055040000000001,0.079336,0.752063,2.100052932616592,2.0506047179692737,1.5296134232553806,0.9933162952154189
