Type,Filter,TRUTH.TOTAL,TRUTH.TP,TRUTH.FN,QUERY.TOTAL,QUERY.FP,QUERY.UNK,FP.gt,FP.al,METRIC.Recall,METRIC.Precision,METRIC.Frac_NA,METRIC.F1_Score,TRUTH.TOTAL.TiTv_ratio,QUERY.TOTAL.TiTv_ratio,TRUTH.TOTAL.het_hom_ratio,QUERY.TOTAL.het_hom_ratio
INDEL,ALL,522389,198017,324372,377094,68275,110760,23124,20169,0.37906,0.743649,0.29372,0.502156,,,1.5140117576138536,0.9158898039379625
INDEL,PASS,522389,197998,324391,376472,67869,110556,23124,20105,0.37902399999999997,0.7447729999999999,0.293663,0.50238,,,1.5140117576138536,0.9126395217591238
SNP,ALL,3352679,1872414,1480265,2305778,244211,189075,141849,3967,0.558483,0.884627,0.082001,0.6847,2.0975722178140814,2.056718008395108,1.5743345845517158,0.9601007472712864
SNP,PASS,3352679,1849041,1503638,2259679,238513,172053,139887,3829,0.551511,0.885749,0.07614,0.679767,2.0975722178140814,2.0629741560395183,1.5743345845517158,0.9654189581054945
