Type,Filter,TRUTH.TOTAL,TRUTH.TP,TRUTH.FN,QUERY.TOTAL,QUERY.FP,QUERY.UNK,FP.gt,FP.al,METRIC.Recall,METRIC.Precision,METRIC.Frac_NA,METRIC.F1_Score,TRUTH.TOTAL.TiTv_ratio,QUERY.TOTAL.TiTv_ratio,TRUTH.TOTAL.het_hom_ratio,QUERY.TOTAL.het_hom_ratio
INDEL,ALL,508274,168149,340125,330937,62455,100297,21245,18093,0.33082399999999995,0.72921,0.30307,0.45515500000000003,,,1.5010726729322714,0.8504550769160228
INDEL,PASS,508274,168129,340145,330421,62158,100093,21245,18059,0.330784,0.730133,0.30292600000000003,0.455297,,,1.5010726729322714,0.8474976501066049
SNP,ALL,3340471,1671264,1669207,2110898,252533,187029,149793,3748,0.500308,0.8687370000000001,0.088602,0.634948,2.097942603562915,2.0586694558972236,1.578296918585843,0.8911249995519216
SNP,PASS,3340471,1649983,1690488,2068770,247515,171202,147946,3617,0.493937,0.8695620000000001,0.082755,0.6300100000000001,2.097942603562915,2.0635441651120785,1.578296918585843,0.8964459874080961
