Type,Filter,TRUTH.TOTAL,TRUTH.TP,TRUTH.FN,QUERY.TOTAL,QUERY.FP,QUERY.UNK,FP.gt,FP.al,METRIC.Recall,METRIC.Precision,METRIC.Frac_NA,METRIC.F1_Score,TRUTH.TOTAL.TiTv_ratio,QUERY.TOTAL.TiTv_ratio,TRUTH.TOTAL.het_hom_ratio,QUERY.TOTAL.het_hom_ratio
INDEL,ALL,508274,167115,341159,328698,62131,99415,21209,17901,0.328789,0.72902,0.302451,0.453189,,,1.5010726729322714,0.8453487234666928
INDEL,PASS,508274,167107,341167,328214,61824,99245,21209,17872,0.328773,0.7299899999999999,0.302379,0.453362,,,1.5010726729322714,0.8425637691249834
SNP,ALL,3340471,1665132,1675339,2104528,253685,185651,150621,3738,0.498472,0.8677950000000001,0.088215,0.633217,2.097942603562915,2.0582644171814795,1.578296918585843,0.8866642693743515
SNP,PASS,3340471,1644145,1696326,2063087,248740,170140,148736,3596,0.49218999999999996,0.8685959999999999,0.082469,0.6283340000000001,2.097942603562915,2.063427966560914,1.578296918585843,0.8921216869426252
