Type,Filter,TRUTH.TOTAL,TRUTH.TP,TRUTH.FN,QUERY.TOTAL,QUERY.FP,QUERY.UNK,FP.gt,FP.al,METRIC.Recall,METRIC.Precision,METRIC.Frac_NA,METRIC.F1_Score,TRUTH.TOTAL.TiTv_ratio,QUERY.TOTAL.TiTv_ratio,TRUTH.TOTAL.het_hom_ratio,QUERY.TOTAL.het_hom_ratio
INDEL,ALL,500793,233250,267543,442061,72856,135907,24277,22445,0.465761,0.7620279999999999,0.30743899999999996,0.57815,,,1.4790521868945146,0.9426497491351048
INDEL,PASS,500793,233228,267565,441486,72483,135724,24277,22405,0.465717,0.762943,0.307425,0.578379,,,1.4790521868945146,0.9400460069916137
SNP,ALL,3314143,2153696,1160447,2603136,228352,221006,136593,3760,0.64985,0.9041399999999999,0.0849,0.756189,2.100052932616592,2.0438145384445425,1.5296134232553806,0.986262736049594
SNP,PASS,3314143,2128850,1185293,2554728,223030,202767,134722,3621,0.642353,0.905173,0.07936900000000001,0.751445,2.100052932616592,2.0489270765221623,1.5296134232553806,0.9911177327258496
