Type,Filter,TRUTH.TOTAL,TRUTH.TP,TRUTH.FN,QUERY.TOTAL,QUERY.FP,QUERY.UNK,FP.gt,FP.al,METRIC.Recall,METRIC.Precision,METRIC.Frac_NA,METRIC.F1_Score,TRUTH.TOTAL.TiTv_ratio,QUERY.TOTAL.TiTv_ratio,TRUTH.TOTAL.het_hom_ratio,QUERY.TOTAL.het_hom_ratio
INDEL,ALL,522389,198874,323515,378867,68162,111789,23065,20320,0.380701,0.744786,0.295061,0.503854,,,1.5140117576138536,0.9192599348534202
INDEL,PASS,522389,198846,323543,378195,67741,111555,23065,20265,0.38064699999999996,0.745946,0.29496700000000003,0.5040720000000001,,,1.5140117576138536,0.9157576547231271
SNP,ALL,3352679,1872413,1480266,2304219,242325,189400,141510,3888,0.558483,0.885416,0.082197,0.684936,2.0975722178140814,2.056345424719155,1.5743345845517158,0.9591385284257044
SNP,PASS,3352679,1847874,1504805,2256910,236802,172158,139550,3748,0.551163,0.8864120000000001,0.07628,0.679697,2.0975722178140814,2.062205883350403,1.5743345845517158,0.9654117497436827
