Type,Filter,TRUTH.TOTAL,TRUTH.TP,TRUTH.FN,QUERY.TOTAL,QUERY.FP,QUERY.UNK,FP.gt,FP.al,METRIC.Recall,METRIC.Precision,METRIC.Frac_NA,METRIC.F1_Score,TRUTH.TOTAL.TiTv_ratio,QUERY.TOTAL.TiTv_ratio,TRUTH.TOTAL.het_hom_ratio,QUERY.TOTAL.het_hom_ratio
INDEL,ALL,522389,199608,322781,380223,68149,112423,23020,20329,0.382106,0.7455229999999999,0.295676,0.505253,,,1.5140117576138536,0.9225893739917781
INDEL,PASS,522389,199580,322809,379554,67726,112196,23020,20261,0.382052,0.746684,0.2956,0.505472,,,1.5140117576138536,0.9191080813862725
SNP,ALL,3352679,1877801,1474878,2310246,242322,190046,141431,3965,0.56009,0.8857079999999999,0.082262,0.686231,2.0975722178140814,2.056990678389899,1.5743345845517158,0.9617990374373341
SNP,PASS,3352679,1852415,1500264,2262002,236683,172830,139419,3830,0.5525180000000001,0.88671,0.07640599999999999,0.680814,2.0975722178140814,2.0626954409961096,1.5743345845517158,0.9686655819367218
