Type,Filter,TRUTH.TOTAL,TRUTH.TP,TRUTH.FN,QUERY.TOTAL,QUERY.FP,QUERY.UNK,FP.gt,FP.al,METRIC.Recall,METRIC.Precision,METRIC.Frac_NA,METRIC.F1_Score,TRUTH.TOTAL.TiTv_ratio,QUERY.TOTAL.TiTv_ratio,TRUTH.TOTAL.het_hom_ratio,QUERY.TOTAL.het_hom_ratio
INDEL,ALL,508274,170668,337606,337073,63650,102719,21299,18444,0.33578,0.728402,0.304738,0.459663,,,1.5010726729322714,0.8677132849637228
INDEL,PASS,508274,170653,337621,336437,63248,102491,21299,18399,0.33575,0.729647,0.304637,0.459883,,,1.5010726729322714,0.8640969363386176
SNP,ALL,3340471,1686827,1653644,2128166,251495,189773,148487,3759,0.504967,0.8702559999999999,0.089172,0.639097,2.097942603562915,2.0618313056136524,1.578296918585843,0.9012899968275104
SNP,PASS,3340471,1663488,1676983,2083029,246163,173311,146608,3591,0.49798000000000003,0.8711,0.083201,0.633696,2.097942603562915,2.0665373383887147,1.578296918585843,0.9079170029895709
