Type,Filter,TRUTH.TOTAL,TRUTH.TP,TRUTH.FN,QUERY.TOTAL,QUERY.FP,QUERY.UNK,FP.gt,FP.al,METRIC.Recall,METRIC.Precision,METRIC.Frac_NA,METRIC.F1_Score,TRUTH.TOTAL.TiTv_ratio,QUERY.TOTAL.TiTv_ratio,TRUTH.TOTAL.het_hom_ratio,QUERY.TOTAL.het_hom_ratio
INDEL,ALL,522389,199432,322957,380367,68516,112378,23077,20433,0.381769,0.744333,0.295446,0.504685,,,1.5140117576138536,0.9237381621396608
INDEL,PASS,522389,199404,322985,379671,68052,112165,23077,20365,0.381716,0.745606,0.295427,0.50493,,,1.5140117576138536,0.9201165573941097
SNP,ALL,3352679,1876882,1475797,2309870,242728,190182,141329,3987,0.559816,0.885489,0.082335,0.68596,2.0975722178140814,2.0568384646019866,1.5743345845517158,0.9622989115240448
SNP,PASS,3352679,1852318,1500361,2262379,237145,172842,139377,3838,0.552489,0.886508,0.07639800000000001,0.680732,2.0975722178140814,2.062708437100721,1.5743345845517158,0.9686767479734241
