Type,Filter,TRUTH.TOTAL,TRUTH.TP,TRUTH.FN,QUERY.TOTAL,QUERY.FP,QUERY.UNK,FP.gt,FP.al,METRIC.Recall,METRIC.Precision,METRIC.Frac_NA,METRIC.F1_Score,TRUTH.TOTAL.TiTv_ratio,QUERY.TOTAL.TiTv_ratio,TRUTH.TOTAL.het_hom_ratio,QUERY.TOTAL.het_hom_ratio
INDEL,ALL,522389,197903,324486,376475,67759,110773,23034,20229,0.378842,0.744981,0.29423699999999997,0.502268,,,1.5140117576138536,0.9118329102817211
INDEL,PASS,522389,197887,324502,375869,67365,110571,23034,20168,0.378812,0.746078,0.294174,0.50249,,,1.5140117576138536,0.9086678574786123
SNP,ALL,3352679,1867990,1484689,2299060,242577,188409,142063,3876,0.557163,0.88507,0.08195,0.68384,2.0975722178140814,2.0556453981191973,1.5743345845517158,0.9552037688756408
SNP,PASS,3352679,1844296,1508383,2253236,237206,171653,140096,3743,0.550096,0.8860450000000001,0.076181,0.6787770000000001,2.0975722178140814,2.06143959008577,1.5743345845517158,0.9610819366139552
