Type,Filter,TRUTH.TOTAL,TRUTH.TP,TRUTH.FN,QUERY.TOTAL,QUERY.FP,QUERY.UNK,FP.gt,FP.al,METRIC.Recall,METRIC.Precision,METRIC.Frac_NA,METRIC.F1_Score,TRUTH.TOTAL.TiTv_ratio,QUERY.TOTAL.TiTv_ratio,TRUTH.TOTAL.het_hom_ratio,QUERY.TOTAL.het_hom_ratio
INDEL,ALL,508274,167524,340750,329813,62582,99669,21280,18094,0.329594,0.728075,0.302199,0.45377,,,1.5010726729322714,0.8484542064773374
INDEL,PASS,508274,167511,340763,329301,62258,99491,21280,18061,0.32956799999999997,0.729089,0.302128,0.453942,,,1.5010726729322714,0.8455125737562696
SNP,ALL,3340471,1667488,1672983,2108071,254102,186417,150053,3878,0.49917799999999996,0.867769,0.08843,0.633779,2.097942603562915,2.0591510019790027,1.578296918585843,0.8904396515224364
SNP,PASS,3340471,1647238,1693233,2067342,249077,170964,148209,3727,0.49311499999999997,0.868656,0.082697,0.629104,2.097942603562915,2.063991998221827,1.578296918585843,0.8953100970334239
