Type,Filter,TRUTH.TOTAL,TRUTH.TP,TRUTH.FN,QUERY.TOTAL,QUERY.FP,QUERY.UNK,FP.gt,FP.al,METRIC.Recall,METRIC.Precision,METRIC.Frac_NA,METRIC.F1_Score,TRUTH.TOTAL.TiTv_ratio,QUERY.TOTAL.TiTv_ratio,TRUTH.TOTAL.het_hom_ratio,QUERY.TOTAL.het_hom_ratio
INDEL,ALL,508274,167335,340939,329121,62360,99390,21182,18045,0.32922199999999996,0.7285520000000001,0.30198600000000003,0.45351,,,1.5010726729322714,0.8471313031373316
INDEL,PASS,508274,167321,340953,328624,62057,99205,21182,18007,0.329194,0.729504,0.30188000000000004,0.453668,,,1.5010726729322714,0.8442723852693825
SNP,ALL,3340471,1667134,1673337,2107582,254399,185979,150444,3823,0.499072,0.867611,0.08824299999999999,0.6336510000000001,2.097942603562915,2.0581911715849626,1.578296918585843,0.8887232495744225
SNP,PASS,3340471,1646107,1694364,2065989,249393,170422,148577,3677,0.492777,0.868434,0.08248899999999999,0.6287699999999999,2.097942603562915,2.0628474872714606,1.578296918585843,0.8942045254446205
