Type,Filter,TRUTH.TOTAL,TRUTH.TP,TRUTH.FN,QUERY.TOTAL,QUERY.FP,QUERY.UNK,FP.gt,FP.al,METRIC.Recall,METRIC.Precision,METRIC.Frac_NA,METRIC.F1_Score,TRUTH.TOTAL.TiTv_ratio,QUERY.TOTAL.TiTv_ratio,TRUTH.TOTAL.het_hom_ratio,QUERY.TOTAL.het_hom_ratio
INDEL,ALL,500793,232503,268290,440303,72686,135068,24330,22348,0.46426999999999996,0.7618689999999999,0.306761,0.576954,,,1.4790521868945146,0.9370301390720374
INDEL,PASS,500793,232480,268313,439727,72313,134884,24330,22300,0.46422399999999997,0.762786,0.306745,0.577181,,,1.4790521868945146,0.9344199893962669
SNP,ALL,3314143,2149244,1164899,2598857,229107,220429,136840,3780,0.648507,0.903673,0.08481799999999999,0.755116,2.100052932616592,2.0442168824263773,1.5296134232553806,0.984104582590646
SNP,PASS,3314143,2125306,1188837,2551455,223710,202364,135004,3647,0.641284,0.904767,0.079313,0.750574,2.100052932616592,2.049365028534284,1.5296134232553806,0.9882576336294389
