Type,Filter,TRUTH.TOTAL,TRUTH.TP,TRUTH.FN,QUERY.TOTAL,QUERY.FP,QUERY.UNK,FP.gt,FP.al,METRIC.Recall,METRIC.Precision,METRIC.Frac_NA,METRIC.F1_Score,TRUTH.TOTAL.TiTv_ratio,QUERY.TOTAL.TiTv_ratio,TRUTH.TOTAL.het_hom_ratio,QUERY.TOTAL.het_hom_ratio
INDEL,ALL,500793,232196,268597,438780,72176,134360,24250,22267,0.463657,0.762907,0.306213,0.5767770000000001,,,1.4790521868945146,0.931628659916293
INDEL,PASS,500793,232168,268625,438260,71843,134193,24250,22226,0.46360100000000004,0.763726,0.306195,0.576968,,,1.4790521868945146,0.9292707147747936
SNP,ALL,3314143,2148101,1166042,2596446,228360,219912,137058,3707,0.648162,0.90391,0.08469700000000001,0.754965,2.100052932616592,2.0430242845006883,1.5296134232553806,0.982118734474356
SNP,PASS,3314143,2123828,1190315,2548883,223190,201797,135214,3589,0.640838,0.904908,0.079171,0.750316,2.100052932616592,2.0481515579043017,1.5296134232553806,0.9866948389385499
