Type,Filter,TRUTH.TOTAL,TRUTH.TP,TRUTH.FN,QUERY.TOTAL,QUERY.FP,QUERY.UNK,FP.gt,FP.al,METRIC.Recall,METRIC.Precision,METRIC.Frac_NA,METRIC.F1_Score,TRUTH.TOTAL.TiTv_ratio,QUERY.TOTAL.TiTv_ratio,TRUTH.TOTAL.het_hom_ratio,QUERY.TOTAL.het_hom_ratio
INDEL,ALL,500793,231665,269128,437788,72199,133880,24366,22232,0.462596,0.7624310000000001,0.30580999999999997,0.57582,,,1.4790521868945146,0.9290404258118968
INDEL,PASS,500793,231639,269154,437269,71863,133715,24366,22188,0.46254399999999996,0.763261,0.305796,0.576017,,,1.4790521868945146,0.9266853919838097
SNP,ALL,3314143,2144223,1169920,2592547,229236,219000,137648,3764,0.646992,0.9034200000000001,0.084473,0.754,2.100052932616592,2.042607939605214,1.5296134232553806,0.9793696410746757
SNP,PASS,3314143,2120852,1193291,2546328,224068,201321,135805,3629,0.63994,0.904449,0.079063,0.7495430000000001,2.100052932616592,2.047895492041153,1.5296134232553806,0.9836086396144933
