Type,Filter,TRUTH.TOTAL,TRUTH.TP,TRUTH.FN,QUERY.TOTAL,QUERY.FP,QUERY.UNK,FP.gt,FP.al,METRIC.Recall,METRIC.Precision,METRIC.Frac_NA,METRIC.F1_Score,TRUTH.TOTAL.TiTv_ratio,QUERY.TOTAL.TiTv_ratio,TRUTH.TOTAL.het_hom_ratio,QUERY.TOTAL.het_hom_ratio
INDEL,ALL,643,613,30,1013,43,351,3,10,0.9533440000000001,0.9350450000000001,0.346496,0.944106,,,0.9904458598726115,1.3238770685579195
INDEL,PASS,643,612,31,977,34,325,3,10,0.951788,0.9478530000000001,0.33265100000000003,0.949817,,,0.9904458598726115,1.2387706855791962
SNP,ALL,22543,22197,346,25959,414,3357,44,3,0.9846520000000001,0.981683,0.12931900000000002,0.983165,2.9467973398669933,2.799853694220922,1.6274052478134111,1.7155569514237856
SNP,PASS,22543,21921,622,24514,184,2418,27,2,0.9724079999999999,0.9916729999999999,0.098638,0.9819459999999999,2.9467973398669933,2.847976153122058,1.6274052478134111,1.6842739726027398
