Type,Filter,TRUTH.TOTAL,TRUTH.TP,TRUTH.FN,QUERY.TOTAL,QUERY.FP,QUERY.UNK,FP.gt,FP.al,METRIC.Recall,METRIC.Precision,METRIC.Frac_NA,METRIC.F1_Score,TRUTH.TOTAL.TiTv_ratio,QUERY.TOTAL.TiTv_ratio,TRUTH.TOTAL.het_hom_ratio,QUERY.TOTAL.het_hom_ratio
INDEL,ALL,690,644,46,1046,51,349,6,11,0.933333,0.9268290000000001,0.333652,0.9300700000000001,,,1.0581039755351682,1.3463302752293578
INDEL,PASS,690,643,47,1028,46,337,6,10,0.931884,0.93343,0.32782100000000003,0.9326559999999999,,,1.0581039755351682,1.305045871559633
SNP,ALL,22589,22212,377,25763,415,3136,45,9,0.98331,0.9816590000000001,0.121725,0.982484,2.9636842105263157,2.825319085782131,1.5521645755623374,1.663769015833592
SNP,PASS,22589,21949,640,24499,213,2337,35,8,0.971668,0.990389,0.09539199999999999,0.9809389999999999,2.9636842105263157,2.8924884865809117,1.5521645755623374,1.6309792540040846
