Type,Filter,TRUTH.TOTAL,TRUTH.TP,TRUTH.FN,QUERY.TOTAL,QUERY.FP,QUERY.UNK,FP.gt,FP.al,METRIC.Recall,METRIC.Precision,METRIC.Frac_NA,METRIC.F1_Score,TRUTH.TOTAL.TiTv_ratio,QUERY.TOTAL.TiTv_ratio,TRUTH.TOTAL.het_hom_ratio,QUERY.TOTAL.het_hom_ratio
INDEL,ALL,682,638,44,1015,59,316,10,8,0.935484,0.915594,0.31133,0.9254319999999999,,,0.9881656804733728,1.3349056603773586
INDEL,PASS,682,638,44,989,50,299,10,8,0.935484,0.927536,0.30232600000000004,0.931493,,,0.9881656804733728,1.2735849056603774
SNP,ALL,22743,22361,382,25636,436,2841,48,2,0.9832040000000001,0.980873,0.110821,0.982037,2.96411149825784,2.8212423655593626,1.5847833503923576,1.693448312125355
SNP,PASS,22743,22088,655,24345,217,2042,36,2,0.9712,0.9902700000000001,0.083878,0.980642,2.96411149825784,2.871126648657238,1.5847833503923576,1.660358783635966
