Type,Filter,TRUTH.TOTAL,TRUTH.TP,TRUTH.FN,QUERY.TOTAL,QUERY.FP,QUERY.UNK,FP.gt,FP.al,METRIC.Recall,METRIC.Precision,METRIC.Frac_NA,METRIC.F1_Score,TRUTH.TOTAL.TiTv_ratio,QUERY.TOTAL.TiTv_ratio,TRUTH.TOTAL.het_hom_ratio,QUERY.TOTAL.het_hom_ratio
INDEL,ALL,643,613,30,1006,36,351,4,5,0.9533440000000001,0.9450379999999999,0.348907,0.9491729999999999,,,0.9904458598726115,1.3135391923990498
INDEL,PASS,643,613,30,972,28,325,4,4,0.9533440000000001,0.956723,0.334362,0.955031,,,0.9904458598726115,1.2327790973871735
SNP,ALL,22543,22212,331,25959,387,3369,44,4,0.985317,0.9828690000000001,0.12978199999999998,0.9840909999999999,2.9467973398669933,2.79874213836478,1.6274052478134111,1.7174436877946568
SNP,PASS,22543,21911,632,24506,169,2435,24,4,0.971965,0.992343,0.09936299999999999,0.9820479999999999,2.9467973398669933,2.8406954887218046,1.6274052478134111,1.6838759180094267
