Type,Filter,TRUTH.TOTAL,TRUTH.TP,TRUTH.FN,QUERY.TOTAL,QUERY.FP,QUERY.UNK,FP.gt,FP.al,METRIC.Recall,METRIC.Precision,METRIC.Frac_NA,METRIC.F1_Score,TRUTH.TOTAL.TiTv_ratio,QUERY.TOTAL.TiTv_ratio,TRUTH.TOTAL.het_hom_ratio,QUERY.TOTAL.het_hom_ratio
INDEL,ALL,690,650,40,1052,54,346,4,9,0.9420290000000001,0.9235129999999999,0.328897,0.932679,,,1.0581039755351682,1.3424657534246576
INDEL,PASS,690,650,40,1031,44,335,4,9,0.9420290000000001,0.936782,0.324927,0.939398,,,1.0581039755351682,1.2945205479452055
SNP,ALL,22589,22219,370,25782,424,3139,41,7,0.98362,0.981275,0.121752,0.9824459999999999,2.9636842105263157,2.826138555110518,1.5521645755623374,1.672129447152785
SNP,PASS,22589,21953,636,24488,205,2330,28,7,0.9718450000000001,0.990748,0.095149,0.9812049999999999,2.9636842105263157,2.876879253046368,1.5521645755623374,1.6360698125404007
