Type,Filter,TRUTH.TOTAL,TRUTH.TP,TRUTH.FN,QUERY.TOTAL,QUERY.FP,QUERY.UNK,FP.gt,FP.al,METRIC.Recall,METRIC.Precision,METRIC.Frac_NA,METRIC.F1_Score,TRUTH.TOTAL.TiTv_ratio,QUERY.TOTAL.TiTv_ratio,TRUTH.TOTAL.het_hom_ratio,QUERY.TOTAL.het_hom_ratio
INDEL,ALL,643,620,23,1037,44,367,4,7,0.9642299999999999,0.934328,0.353905,0.949044,,,0.9904458598726115,1.344186046511628
INDEL,PASS,643,619,24,1005,33,347,4,6,0.962675,0.9498479999999999,0.34527399999999997,0.956218,,,0.9904458598726115,1.2697674418604652
SNP,ALL,22543,22203,340,25981,415,3372,46,0,0.9849180000000001,0.9816440000000001,0.12978699999999999,0.9832780000000001,2.9467973398669933,2.7976625273922573,1.6274052478134111,1.7176507537688441
SNP,PASS,22543,21912,631,24503,199,2401,28,0,0.972009,0.9909959999999999,0.097988,0.981411,2.9467973398669933,2.83317698561601,1.6274052478134111,1.6825553364014902
