Type,Filter,TRUTH.TOTAL,TRUTH.TP,TRUTH.FN,QUERY.TOTAL,QUERY.FP,QUERY.UNK,FP.gt,FP.al,METRIC.Recall,METRIC.Precision,METRIC.Frac_NA,METRIC.F1_Score,TRUTH.TOTAL.TiTv_ratio,QUERY.TOTAL.TiTv_ratio,TRUTH.TOTAL.het_hom_ratio,QUERY.TOTAL.het_hom_ratio
INDEL,ALL,643,616,27,1009,48,339,4,11,0.958009,0.928358,0.335976,0.942951,,,0.9904458598726115,1.3214285714285714
INDEL,PASS,643,615,28,982,39,322,4,10,0.9564540000000001,0.940909,0.32790199999999997,0.9486180000000001,,,0.9904458598726115,1.2571428571428571
SNP,ALL,22543,22169,374,25836,409,3267,48,2,0.983409,0.981878,0.126451,0.982643,2.9467973398669933,2.7961521515641063,1.6274052478134111,1.7110154363120866
SNP,PASS,22543,21897,646,24553,200,2465,28,2,0.9713440000000001,0.9909450000000001,0.100395,0.9810469999999999,2.9467973398669933,2.8322932917316694,1.6274052478134111,1.6851264091058333
