Type,Filter,TRUTH.TOTAL,TRUTH.TP,TRUTH.FN,QUERY.TOTAL,QUERY.FP,QUERY.UNK,FP.gt,FP.al,METRIC.Recall,METRIC.Precision,METRIC.Frac_NA,METRIC.F1_Score,TRUTH.TOTAL.TiTv_ratio,QUERY.TOTAL.TiTv_ratio,TRUTH.TOTAL.het_hom_ratio,QUERY.TOTAL.het_hom_ratio
INDEL,ALL,682,654,28,1040,58,326,3,6,0.958944,0.918768,0.31346199999999996,0.938426,,,0.9881656804733728,1.3402298850574712
INDEL,PASS,682,654,28,1016,46,314,3,6,0.958944,0.934473,0.309055,0.94655,,,0.9881656804733728,1.2850574712643679
SNP,ALL,22743,22375,368,25664,461,2830,46,3,0.983819,0.9798110000000001,0.11027100000000001,0.9818110000000001,2.96411149825784,2.832686567164179,1.5847833503923576,1.6922511549769004
SNP,PASS,22743,22086,657,24325,231,2010,35,1,0.9711120000000001,0.989648,0.082631,0.980292,2.96411149825784,2.8863164617595403,1.5847833503923576,1.6492968494494713
