Type,Filter,TRUTH.TOTAL,TRUTH.TP,TRUTH.FN,QUERY.TOTAL,QUERY.FP,QUERY.UNK,FP.gt,FP.al,METRIC.Recall,METRIC.Precision,METRIC.Frac_NA,METRIC.F1_Score,TRUTH.TOTAL.TiTv_ratio,QUERY.TOTAL.TiTv_ratio,TRUTH.TOTAL.het_hom_ratio,QUERY.TOTAL.het_hom_ratio
INDEL,ALL,690,653,37,1066,56,355,7,8,0.946377,0.9212379999999999,0.333021,0.933638,,,1.0581039755351682,1.3912037037037037
INDEL,PASS,690,651,39,1043,47,343,7,8,0.943478,0.9328569999999999,0.328859,0.9381379999999999,,,1.0581039755351682,1.337962962962963
SNP,ALL,22589,22248,341,25827,429,3150,41,7,0.9849040000000001,0.981082,0.121965,0.9829889999999999,2.9636842105263157,2.8189476795743422,1.5521645755623374,1.678604796013703
SNP,PASS,22589,21945,644,24462,206,2311,27,7,0.971491,0.9907,0.094473,0.981001,2.9636842105263157,2.859643589339221,1.5521645755623374,1.6417684574640579
