Type,Filter,TRUTH.TOTAL,TRUTH.TP,TRUTH.FN,QUERY.TOTAL,QUERY.FP,QUERY.UNK,FP.gt,FP.al,METRIC.Recall,METRIC.Precision,METRIC.Frac_NA,METRIC.F1_Score,TRUTH.TOTAL.TiTv_ratio,QUERY.TOTAL.TiTv_ratio,TRUTH.TOTAL.het_hom_ratio,QUERY.TOTAL.het_hom_ratio
INDEL,ALL,682,650,32,1052,56,344,4,10,0.9530790000000001,0.9209040000000001,0.326996,0.936715,,,0.9881656804733728,1.3822843822843822
INDEL,PASS,682,650,32,1030,48,330,4,10,0.9530790000000001,0.9314290000000001,0.320388,0.9421299999999999,,,0.9881656804733728,1.331002331002331
SNP,ALL,22743,22385,358,25704,438,2883,48,5,0.984259,0.980807,0.11216199999999998,0.9825299999999999,2.96411149825784,2.8300819061801934,1.5847833503923576,1.6992852638217364
SNP,PASS,22743,22078,665,24267,201,1990,35,4,0.9707600000000001,0.990977,0.082004,0.980765,2.96411149825784,2.8820143884892087,1.5847833503923576,1.64759200611554
