Type,Filter,TRUTH.TOTAL,TRUTH.TP,TRUTH.FN,QUERY.TOTAL,QUERY.FP,QUERY.UNK,FP.gt,FP.al,METRIC.Recall,METRIC.Precision,METRIC.Frac_NA,METRIC.F1_Score,TRUTH.TOTAL.TiTv_ratio,QUERY.TOTAL.TiTv_ratio,TRUTH.TOTAL.het_hom_ratio,QUERY.TOTAL.het_hom_ratio
INDEL,ALL,690,650,40,1058,49,357,5,9,0.9420290000000001,0.9301,0.337429,0.936026,,,1.0581039755351682,1.3755760368663594
INDEL,PASS,690,650,40,1036,40,344,5,9,0.9420290000000001,0.942197,0.332046,0.9421129999999999,,,1.0581039755351682,1.3248847926267282
SNP,ALL,22589,22244,345,25857,431,3182,38,7,0.984727,0.980992,0.12306099999999999,0.982856,2.9636842105263157,2.8221040189125297,1.5521645755623374,1.671941255559003
SNP,PASS,22589,21931,658,24420,176,2313,27,7,0.9708709999999999,0.9920389999999999,0.094717,0.981341,2.9636842105263157,2.8773210601491828,1.5521645755623374,1.6302285467874085
