Type,Filter,TRUTH.TOTAL,TRUTH.TP,TRUTH.FN,QUERY.TOTAL,QUERY.FP,QUERY.UNK,FP.gt,FP.al,METRIC.Recall,METRIC.Precision,METRIC.Frac_NA,METRIC.F1_Score,TRUTH.TOTAL.TiTv_ratio,QUERY.TOTAL.TiTv_ratio,TRUTH.TOTAL.het_hom_ratio,QUERY.TOTAL.het_hom_ratio
INDEL,ALL,682,649,33,1053,54,348,5,10,0.9516129999999999,0.9234040000000001,0.330484,0.9372959999999999,,,0.9881656804733728,1.284116331096197
INDEL,PASS,682,649,33,1027,40,336,5,10,0.9516129999999999,0.9421129999999999,0.327167,0.946839,,,0.9881656804733728,1.225950782997763
SNP,ALL,22743,22394,349,25761,449,2920,43,1,0.984655,0.980342,0.11335,0.9824940000000001,2.96411149825784,2.8294458475709403,1.5847833503923576,1.6925410607804163
SNP,PASS,22743,22059,684,24246,191,1998,32,0,0.969925,0.9914149999999999,0.08240499999999999,0.9805520000000001,2.96411149825784,2.888603942939574,1.5847833503923576,1.6386710239651416
