Type,Filter,TRUTH.TOTAL,TRUTH.TP,TRUTH.FN,QUERY.TOTAL,QUERY.FP,QUERY.UNK,FP.gt,FP.al,METRIC.Recall,METRIC.Precision,METRIC.Frac_NA,METRIC.F1_Score,TRUTH.TOTAL.TiTv_ratio,QUERY.TOTAL.TiTv_ratio,TRUTH.TOTAL.het_hom_ratio,QUERY.TOTAL.het_hom_ratio
INDEL,ALL,690,642,48,1042,50,348,4,10,0.930435,0.9279540000000001,0.333973,0.929193,,,1.0581039755351682,1.3817330210772834
INDEL,PASS,690,641,49,1018,43,332,4,10,0.9289860000000001,0.937318,0.32613000000000003,0.933133,,,1.0581039755351682,1.325526932084309
SNP,ALL,22589,22221,368,25802,448,3133,37,7,0.9837090000000001,0.980237,0.121425,0.9819700000000001,2.9636842105263157,2.8218833283979863,1.5521645755623374,1.6756616502335235
SNP,PASS,22589,21860,729,24330,192,2278,26,7,0.967728,0.991293,0.09362899999999999,0.979369,2.9636842105263157,2.877648558228453,1.5521645755623374,1.641421275670977
