Type,Filter,TRUTH.TOTAL,TRUTH.TP,TRUTH.FN,QUERY.TOTAL,QUERY.FP,QUERY.UNK,FP.gt,FP.al,METRIC.Recall,METRIC.Precision,METRIC.Frac_NA,METRIC.F1_Score,TRUTH.TOTAL.TiTv_ratio,QUERY.TOTAL.TiTv_ratio,TRUTH.TOTAL.het_hom_ratio,QUERY.TOTAL.het_hom_ratio
INDEL,ALL,643,598,45,975,48,323,4,11,0.930016,0.92638,0.331282,0.9281940000000001,,,0.9904458598726115,1.3218673218673218
INDEL,PASS,643,597,46,954,43,308,4,10,0.9284600000000001,0.9334370000000001,0.322851,0.930942,,,0.9904458598726115,1.2702702702702702
SNP,ALL,22543,22097,446,25752,440,3224,51,2,0.980216,0.980469,0.125194,0.980342,2.9467973398669933,2.7971997052321296,1.6274052478134111,1.706921944035346
SNP,PASS,22543,21794,749,24432,218,2429,32,2,0.966775,0.990092,0.09941900000000001,0.978295,2.9467973398669933,2.8433962264150945,1.6274052478134111,1.6870665932856357
