Type,Filter,TRUTH.TOTAL,TRUTH.TP,TRUTH.FN,QUERY.TOTAL,QUERY.FP,QUERY.UNK,FP.gt,FP.al,METRIC.Recall,METRIC.Precision,METRIC.Frac_NA,METRIC.F1_Score,TRUTH.TOTAL.TiTv_ratio,QUERY.TOTAL.TiTv_ratio,TRUTH.TOTAL.het_hom_ratio,QUERY.TOTAL.het_hom_ratio
INDEL,ALL,643,607,36,994,44,337,3,11,0.9440120000000001,0.9330290000000001,0.339034,0.9384889999999999,,,0.9904458598726115,1.3439024390243903
INDEL,PASS,643,605,38,962,35,316,3,11,0.940902,0.9458200000000001,0.328482,0.9433549999999999,,,0.9904458598726115,1.2658536585365854
SNP,ALL,22543,22153,390,25831,410,3277,48,2,0.9827,0.9818209999999999,0.126863,0.98226,2.9467973398669933,2.8060382916053017,1.6274052478134111,1.7090680100755669
SNP,PASS,22543,21844,699,24431,201,2395,33,1,0.968993,0.9908790000000001,0.098031,0.9798129999999999,2.9467973398669933,2.8517176173967855,1.6274052478134111,1.688250192710054
