Type,Filter,TRUTH.TOTAL,TRUTH.TP,TRUTH.FN,QUERY.TOTAL,QUERY.FP,QUERY.UNK,FP.gt,FP.al,METRIC.Recall,METRIC.Precision,METRIC.Frac_NA,METRIC.F1_Score,TRUTH.TOTAL.TiTv_ratio,QUERY.TOTAL.TiTv_ratio,TRUTH.TOTAL.het_hom_ratio,QUERY.TOTAL.het_hom_ratio
INDEL,ALL,682,630,52,1008,61,315,9,8,0.9237540000000001,0.911977,0.3125,0.9178280000000001,,,0.9881656804733728,1.4215686274509804
INDEL,PASS,682,630,52,983,51,300,9,8,0.9237540000000001,0.9253290000000001,0.305188,0.924541,,,0.9881656804733728,1.3602941176470589
SNP,ALL,22743,22271,472,25515,453,2793,53,3,0.979246,0.9800629999999999,0.109465,0.9796549999999999,2.96411149825784,2.8291841631673664,1.5847833503923576,1.6882514237502637
SNP,PASS,22743,21941,802,24169,219,2011,42,3,0.964736,0.990116,0.08320599999999999,0.9772620000000001,2.96411149825784,2.875500721038295,1.5847833503923576,1.6602027324812694
