Type,Filter,TRUTH.TOTAL,TRUTH.TP,TRUTH.FN,QUERY.TOTAL,QUERY.FP,QUERY.UNK,FP.gt,FP.al,METRIC.Recall,METRIC.Precision,METRIC.Frac_NA,METRIC.F1_Score,TRUTH.TOTAL.TiTv_ratio,QUERY.TOTAL.TiTv_ratio,TRUTH.TOTAL.het_hom_ratio,QUERY.TOTAL.het_hom_ratio
INDEL,ALL,643,609,34,997,44,338,6,5,0.9471229999999999,0.933232,0.339017,0.940126,,,0.9904458598726115,1.334140435835351
INDEL,PASS,643,608,35,964,36,314,6,4,0.9455680000000001,0.944615,0.325726,0.945091,,,0.9904458598726115,1.2542372881355932
SNP,ALL,22543,22175,368,25904,402,3336,48,4,0.983676,0.982187,0.12878299999999998,0.982931,2.9467973398669933,2.8001466275659825,1.6274052478134111,1.7213752497108612
SNP,PASS,22543,21845,698,24429,181,2412,30,4,0.969037,0.9917790000000001,0.098735,0.980276,2.9467973398669933,2.8467107333962858,1.6274052478134111,1.691366192523983
