Type,Filter,TRUTH.TOTAL,TRUTH.TP,TRUTH.FN,QUERY.TOTAL,QUERY.FP,QUERY.UNK,FP.gt,FP.al,METRIC.Recall,METRIC.Precision,METRIC.Frac_NA,METRIC.F1_Score,TRUTH.TOTAL.TiTv_ratio,QUERY.TOTAL.TiTv_ratio,TRUTH.TOTAL.het_hom_ratio,QUERY.TOTAL.het_hom_ratio
INDEL,ALL,682,641,41,1042,61,338,6,11,0.939883,0.913352,0.324376,0.926428,,,0.9881656804733728,1.40521327014218
INDEL,PASS,682,641,41,1015,51,321,6,11,0.939883,0.9265129999999999,0.316256,0.93315,,,0.9881656804733728,1.3412322274881516
SNP,ALL,22743,22338,405,25623,455,2832,54,4,0.982192,0.980036,0.110526,0.9811129999999999,2.96411149825784,2.829997012249776,1.5847833503923576,1.6936026936026936
SNP,PASS,22743,21971,772,24133,205,1959,42,3,0.9660549999999999,0.9907549999999999,0.081175,0.9782489999999999,2.96411149825784,2.8860637270679113,1.5847833503923576,1.6491594330293375
