Type,Filter,TRUTH.TOTAL,TRUTH.TP,TRUTH.FN,QUERY.TOTAL,QUERY.FP,QUERY.UNK,FP.gt,FP.al,METRIC.Recall,METRIC.Precision,METRIC.Frac_NA,METRIC.F1_Score,TRUTH.TOTAL.TiTv_ratio,QUERY.TOTAL.TiTv_ratio,TRUTH.TOTAL.het_hom_ratio,QUERY.TOTAL.het_hom_ratio
INDEL,ALL,682,643,39,1039,61,333,6,12,0.942815,0.9135979999999999,0.3205,0.927977,,,0.9881656804733728,1.355140186915888
INDEL,PASS,682,643,39,1010,43,322,6,12,0.942815,0.9375,0.318812,0.94015,,,0.9881656804733728,1.2873831775700935
SNP,ALL,22743,22364,379,25718,466,2890,45,1,0.9833360000000001,0.9795860000000001,0.112373,0.981457,2.96411149825784,2.830753200357249,1.5847833503923576,1.695164166579251
SNP,PASS,22743,21996,747,24173,194,1985,34,0,0.9671549999999999,0.9912569999999999,0.082116,0.979057,2.96411149825784,2.8809562008663563,1.5847833503923576,1.6437486314867529
