Type,Filter,TRUTH.TOTAL,TRUTH.TP,TRUTH.FN,QUERY.TOTAL,QUERY.FP,QUERY.UNK,FP.gt,FP.al,METRIC.Recall,METRIC.Precision,METRIC.Frac_NA,METRIC.F1_Score,TRUTH.TOTAL.TiTv_ratio,QUERY.TOTAL.TiTv_ratio,TRUTH.TOTAL.het_hom_ratio,QUERY.TOTAL.het_hom_ratio
INDEL,ALL,690,647,43,1052,59,344,5,8,0.937681,0.916667,0.326996,0.927055,,,1.0581039755351682,1.395784543325527
INDEL,PASS,690,645,45,1021,48,326,5,8,0.934783,0.9309350000000001,0.319295,0.9328549999999999,,,1.0581039755351682,1.3231850117096018
SNP,ALL,22589,22210,379,25745,457,3078,46,8,0.9832219999999999,0.9798389999999999,0.119557,0.981527,2.9636842105263157,2.8152866242038215,1.5521645755623374,1.6792708333333333
SNP,PASS,22589,21875,714,24356,228,2253,33,8,0.968392,0.989685,0.092503,0.978922,2.9636842105263157,2.8673226471988573,1.5521645755623374,1.645178823785194
