Type,Filter,TRUTH.TOTAL,TRUTH.TP,TRUTH.FN,QUERY.TOTAL,QUERY.FP,QUERY.UNK,FP.gt,FP.al,METRIC.Recall,METRIC.Precision,METRIC.Frac_NA,METRIC.F1_Score,TRUTH.TOTAL.TiTv_ratio,QUERY.TOTAL.TiTv_ratio,TRUTH.TOTAL.het_hom_ratio,QUERY.TOTAL.het_hom_ratio
INDEL,ALL,690,633,57,1023,53,335,7,9,0.917391,0.9229649999999999,0.327468,0.92017,,,1.0581039755351682,1.3240740740740742
INDEL,PASS,690,632,58,1005,48,323,7,9,0.915942,0.9296190000000001,0.321393,0.9227299999999999,,,1.0581039755351682,1.2824074074074074
SNP,ALL,22589,22134,455,25586,410,3042,52,8,0.979857,0.9818129999999999,0.11889300000000001,0.980834,2.9636842105263157,2.832609672106603,1.5521645755623374,1.657829070492826
SNP,PASS,22589,21840,749,24324,221,2263,41,8,0.966842,0.9899819999999999,0.09303600000000001,0.978275,2.9636842105263157,2.8904876099120704,1.5521645755623374,1.6317955382282867
