Type,Filter,TRUTH.TOTAL,TRUTH.TP,TRUTH.FN,QUERY.TOTAL,QUERY.FP,QUERY.UNK,FP.gt,FP.al,METRIC.Recall,METRIC.Precision,METRIC.Frac_NA,METRIC.F1_Score,TRUTH.TOTAL.TiTv_ratio,QUERY.TOTAL.TiTv_ratio,TRUTH.TOTAL.het_hom_ratio,QUERY.TOTAL.het_hom_ratio
INDEL,ALL,690,640,50,1043,58,343,4,11,0.927536,0.917143,0.328859,0.9223100000000001,,,1.0581039755351682,1.3533487297921478
INDEL,PASS,690,640,50,1026,50,334,4,10,0.927536,0.927746,0.325536,0.9276409999999999,,,1.0581039755351682,1.3140877598152425
SNP,ALL,22589,22168,421,25688,434,3086,43,9,0.9813629999999999,0.980798,0.12013399999999999,0.98108,2.9636842105263157,2.825815096025011,1.5521645755623374,1.6687461010605116
SNP,PASS,22589,21871,718,24394,229,2294,30,7,0.9682149999999999,0.9896379999999999,0.09404,0.978809,2.9636842105263157,2.8779596376926744,1.5521645755623374,1.6404506554002816
