Type,Filter,TRUTH.TOTAL,TRUTH.TP,TRUTH.FN,QUERY.TOTAL,QUERY.FP,QUERY.UNK,FP.gt,FP.al,METRIC.Recall,METRIC.Precision,METRIC.Frac_NA,METRIC.F1_Score,TRUTH.TOTAL.TiTv_ratio,QUERY.TOTAL.TiTv_ratio,TRUTH.TOTAL.het_hom_ratio,QUERY.TOTAL.het_hom_ratio
INDEL,ALL,682,644,38,1018,62,310,4,8,0.944282,0.912429,0.304519,0.928082,,,0.9881656804733728,1.3216783216783217
INDEL,PASS,682,644,38,996,54,296,4,8,0.944282,0.9228569999999999,0.297189,0.9334459999999999,,,0.9881656804733728,1.2703962703962703
SNP,ALL,22743,22302,441,25531,440,2791,51,3,0.9806090000000001,0.980651,0.10931800000000001,0.9806299999999999,2.96411149825784,2.847289156626506,1.5847833503923576,1.681101534580618
SNP,PASS,22743,21987,756,24193,222,1986,40,1,0.966759,0.9900030000000001,0.08209,0.978243,2.96411149825784,2.8925872326740634,1.5847833503923576,1.646736749890495
