Type,Filter,TRUTH.TOTAL,TRUTH.TP,TRUTH.FN,QUERY.TOTAL,QUERY.FP,QUERY.UNK,FP.gt,FP.al,METRIC.Recall,METRIC.Precision,METRIC.Frac_NA,METRIC.F1_Score,TRUTH.TOTAL.TiTv_ratio,QUERY.TOTAL.TiTv_ratio,TRUTH.TOTAL.het_hom_ratio,QUERY.TOTAL.het_hom_ratio
INDEL,ALL,643,615,28,1028,51,356,5,8,0.9564540000000001,0.924107,0.346304,0.940002,,,0.9904458598726115,1.3317757009345794
INDEL,PASS,643,614,29,992,38,334,5,7,0.9548989999999999,0.942249,0.336694,0.9485319999999999,,,0.9904458598726115,1.2476635514018692
SNP,ALL,22543,22182,361,25947,440,3334,46,1,0.983986,0.980542,0.128493,0.982261,2.9467973398669933,2.7949130244116356,1.6274052478134111,1.7229282638378323
SNP,PASS,22543,21868,675,24448,209,2380,29,0,0.970057,0.9905290000000001,0.097349,0.9801860000000001,2.9467973398669933,2.840188383045526,1.6274052478134111,1.6921635622175686
