Type,Filter,TRUTH.TOTAL,TRUTH.TP,TRUTH.FN,QUERY.TOTAL,QUERY.FP,QUERY.UNK,FP.gt,FP.al,METRIC.Recall,METRIC.Precision,METRIC.Frac_NA,METRIC.F1_Score,TRUTH.TOTAL.TiTv_ratio,QUERY.TOTAL.TiTv_ratio,TRUTH.TOTAL.het_hom_ratio,QUERY.TOTAL.het_hom_ratio
INDEL,ALL,643,603,40,989,55,325,6,10,0.937792,0.917169,0.328615,0.927365,,,0.9904458598726115,1.3712871287128714
INDEL,PASS,643,602,41,953,43,302,6,9,0.9362360000000001,0.933948,0.316894,0.935091,,,0.9904458598726115,1.2821782178217822
SNP,ALL,22543,22122,421,25743,376,3254,49,1,0.981325,0.983281,0.126403,0.982302,2.9467973398669933,2.8185322461082283,1.6274052478134111,1.704089141175234
SNP,PASS,22543,21812,731,24407,187,2417,30,1,0.9675729999999999,0.9914959999999999,0.09902899999999999,0.979389,2.9467973398669933,2.849913290241211,1.6274052478134111,1.6859030837004405
