Type,Filter,TRUTH.TOTAL,TRUTH.TP,TRUTH.FN,QUERY.TOTAL,QUERY.FP,QUERY.UNK,FP.gt,FP.al,METRIC.Recall,METRIC.Precision,METRIC.Frac_NA,METRIC.F1_Score,TRUTH.TOTAL.TiTv_ratio,QUERY.TOTAL.TiTv_ratio,TRUTH.TOTAL.het_hom_ratio,QUERY.TOTAL.het_hom_ratio
INDEL,ALL,682,642,40,1028,58,326,7,6,0.941349,0.9173790000000001,0.317121,0.9292090000000001,,,0.9881656804733728,1.3372093023255813
INDEL,PASS,682,641,41,1007,52,312,7,6,0.939883,0.9251799999999999,0.30983099999999997,0.932473,,,0.9881656804733728,1.2883720930232558
SNP,ALL,22743,22357,386,25626,420,2851,54,2,0.983028,0.981559,0.11125399999999999,0.9822930000000001,2.96411149825784,2.838622754491018,1.5847833503923576,1.6912645853043204
SNP,PASS,22743,21984,759,24166,197,1987,41,1,0.966627,0.991118,0.082223,0.978719,2.96411149825784,2.8915352429996783,1.5847833503923576,1.6532585998461369
