Type,Filter,TRUTH.TOTAL,TRUTH.TP,TRUTH.FN,QUERY.TOTAL,QUERY.FP,QUERY.UNK,FP.gt,FP.al,METRIC.Recall,METRIC.Precision,METRIC.Frac_NA,METRIC.F1_Score,TRUTH.TOTAL.TiTv_ratio,QUERY.TOTAL.TiTv_ratio,TRUTH.TOTAL.het_hom_ratio,QUERY.TOTAL.het_hom_ratio
INDEL,ALL,690,644,46,1029,47,336,3,9,0.933333,0.9321790000000001,0.326531,0.9327559999999999,,,1.0581039755351682,1.3489461358313817
INDEL,PASS,690,643,47,1009,39,325,3,9,0.931884,0.942982,0.322101,0.9374,,,1.0581039755351682,1.3021077283372364
SNP,ALL,22589,22190,399,25702,422,3090,43,7,0.9823370000000001,0.9813370000000001,0.120224,0.9818370000000001,2.9636842105263157,2.8217895362663494,1.5521645755623374,1.6650409878592922
SNP,PASS,22589,21852,737,24307,206,2249,34,7,0.967374,0.990661,0.092525,0.978879,2.9636842105263157,2.872292993630573,1.5521645755623374,1.6342733188720173
