Type,Filter,TRUTH.TOTAL,TRUTH.TP,TRUTH.FN,QUERY.TOTAL,QUERY.FP,QUERY.UNK,FP.gt,FP.al,METRIC.Recall,METRIC.Precision,METRIC.Frac_NA,METRIC.F1_Score,TRUTH.TOTAL.TiTv_ratio,QUERY.TOTAL.TiTv_ratio,TRUTH.TOTAL.het_hom_ratio,QUERY.TOTAL.het_hom_ratio
INDEL,ALL,690,636,54,1024,54,332,10,13,0.921739,0.9219649999999999,0.324219,0.921852,,,1.0581039755351682,1.2779043280182232
INDEL,PASS,690,636,54,1000,48,314,10,12,0.921739,0.9300290000000001,0.314,0.925866,,,1.0581039755351682,1.2232346241457859
SNP,ALL,22589,22179,410,25655,391,3085,45,7,0.98185,0.982676,0.120249,0.9822629999999999,2.9636842105263157,2.831467383191521,1.5521645755623374,1.662339011217283
SNP,PASS,22589,21852,737,24337,206,2279,35,7,0.967374,0.990661,0.09364299999999999,0.978879,2.9636842105263157,2.8679904686258935,1.5521645755623374,1.6329182458040066
