Type,Filter,TRUTH.TOTAL,TRUTH.TP,TRUTH.FN,QUERY.TOTAL,QUERY.FP,QUERY.UNK,FP.gt,FP.al,METRIC.Recall,METRIC.Precision,METRIC.Frac_NA,METRIC.F1_Score,TRUTH.TOTAL.TiTv_ratio,QUERY.TOTAL.TiTv_ratio,TRUTH.TOTAL.het_hom_ratio,QUERY.TOTAL.het_hom_ratio
INDEL,ALL,643,613,30,994,43,332,6,8,0.9533440000000001,0.9350450000000001,0.334004,0.944106,,,0.9904458598726115,1.3317191283292977
INDEL,PASS,643,613,30,962,36,307,6,7,0.9533440000000001,0.9450379999999999,0.319127,0.9491729999999999,,,0.9904458598726115,1.2597087378640777
SNP,ALL,22543,22187,356,25903,401,3324,44,1,0.984208,0.98224,0.128325,0.983223,2.9467973398669933,2.809908850338136,1.6274052478134111,1.7142407718120805
SNP,PASS,22543,21847,696,24390,163,2389,29,0,0.969126,0.992591,0.09795,0.980718,2.9467973398669933,2.8495030761949836,1.6274052478134111,1.6806731932680674
