Type,Filter,TRUTH.TOTAL,TRUTH.TP,TRUTH.FN,QUERY.TOTAL,QUERY.FP,QUERY.UNK,FP.gt,FP.al,METRIC.Recall,METRIC.Precision,METRIC.Frac_NA,METRIC.F1_Score,TRUTH.TOTAL.TiTv_ratio,QUERY.TOTAL.TiTv_ratio,TRUTH.TOTAL.het_hom_ratio,QUERY.TOTAL.het_hom_ratio
INDEL,ALL,690,646,44,1055,52,355,6,8,0.936232,0.9257139999999999,0.336493,0.9309430000000001,,,1.0581039755351682,1.3787528868360277
INDEL,PASS,690,646,44,1035,45,342,6,7,0.936232,0.9350649999999999,0.330435,0.9356479999999999,,,1.0581039755351682,1.3325635103926097
SNP,ALL,22589,22238,351,25757,434,3085,39,7,0.984461,0.980857,0.119773,0.982656,2.9636842105263157,2.818195288190843,1.5521645755623374,1.6742518703241895
SNP,PASS,22589,21899,690,24315,181,2235,26,7,0.969454,0.9918030000000001,0.091919,0.9805010000000001,2.9636842105263157,2.8749601784007646,1.5521645755623374,1.636462289744981
