Type,Filter,TRUTH.TOTAL,TRUTH.TP,TRUTH.FN,QUERY.TOTAL,QUERY.FP,QUERY.UNK,FP.gt,FP.al,METRIC.Recall,METRIC.Precision,METRIC.Frac_NA,METRIC.F1_Score,TRUTH.TOTAL.TiTv_ratio,QUERY.TOTAL.TiTv_ratio,TRUTH.TOTAL.het_hom_ratio,QUERY.TOTAL.het_hom_ratio
INDEL,ALL,682,642,40,1048,59,345,8,9,0.941349,0.9160739999999999,0.329198,0.9285399999999999,,,0.9881656804733728,1.4745762711864407
INDEL,PASS,682,641,41,1011,50,318,8,9,0.939883,0.92785,0.31454,0.9338280000000001,,,0.9881656804733728,1.3849878934624698
SNP,ALL,22743,22362,381,25625,412,2853,50,4,0.983248,0.981908,0.11133699999999999,0.982577,2.96411149825784,2.834031100478469,1.5847833503923576,1.6910543466834858
SNP,PASS,22743,22013,730,24166,185,1970,36,3,0.967902,0.991665,0.08151900000000001,0.97964,2.96411149825784,2.885443444730077,1.5847833503923576,1.6514003294892916
