Type,Filter,TRUTH.TOTAL,TRUTH.TP,TRUTH.FN,QUERY.TOTAL,QUERY.FP,QUERY.UNK,FP.gt,FP.al,METRIC.Recall,METRIC.Precision,METRIC.Frac_NA,METRIC.F1_Score,TRUTH.TOTAL.TiTv_ratio,QUERY.TOTAL.TiTv_ratio,TRUTH.TOTAL.het_hom_ratio,QUERY.TOTAL.het_hom_ratio
INDEL,ALL,682,639,43,1036,62,333,8,10,0.93695,0.9118069999999999,0.321429,0.924207,,,0.9881656804733728,1.4220623501199041
INDEL,PASS,682,639,43,1015,51,323,8,9,0.93695,0.926301,0.318227,0.9315950000000001,,,0.9881656804733728,1.3717026378896882
SNP,ALL,22743,22349,394,25558,420,2791,46,1,0.982676,0.9815520000000001,0.109203,0.9821139999999999,2.96411149825784,2.8416704221120623,1.5847833503923576,1.685527976440892
SNP,PASS,22743,22023,720,24220,210,1989,35,0,0.968342,0.990554,0.082122,0.9793219999999999,2.96411149825784,2.887712544112929,1.5847833503923576,1.6501642935377876
