Type,Filter,TRUTH.TOTAL,TRUTH.TP,TRUTH.FN,QUERY.TOTAL,QUERY.FP,QUERY.UNK,FP.gt,FP.al,METRIC.Recall,METRIC.Precision,METRIC.Frac_NA,METRIC.F1_Score,TRUTH.TOTAL.TiTv_ratio,QUERY.TOTAL.TiTv_ratio,TRUTH.TOTAL.het_hom_ratio,QUERY.TOTAL.het_hom_ratio
INDEL,ALL,643,611,32,1011,48,345,4,9,0.950233,0.9279280000000001,0.341246,0.938948,,,0.9904458598726115,1.3844282238442822
INDEL,PASS,643,611,32,968,32,318,4,8,0.950233,0.9507690000000001,0.32851199999999997,0.950501,,,0.9904458598726115,1.2798053527980535
SNP,ALL,22543,22191,352,25951,457,3312,48,4,0.9843850000000001,0.979814,0.127625,0.982094,2.9467973398669933,2.791617990654206,1.6274052478134111,1.7264984227129339
SNP,PASS,22543,21846,697,24340,181,2322,28,3,0.969081,0.9917790000000001,0.095399,0.980299,2.9467973398669933,2.8461781427668984,1.6274052478134111,1.6841059602649007
