Type,Filter,TRUTH.TOTAL,TRUTH.TP,TRUTH.FN,QUERY.TOTAL,QUERY.FP,QUERY.UNK,FP.gt,FP.al,METRIC.Recall,METRIC.Precision,METRIC.Frac_NA,METRIC.F1_Score,TRUTH.TOTAL.TiTv_ratio,QUERY.TOTAL.TiTv_ratio,TRUTH.TOTAL.het_hom_ratio,QUERY.TOTAL.het_hom_ratio
INDEL,ALL,522389,512402,9987,835361,5553,317274,1316,3462,0.9808819999999999,0.989282,0.379805,0.9850639999999999,,,1.5140117576138536,1.5868222420205806
INDEL,PASS,522389,512288,10101,833950,5396,316118,1316,3425,0.980664,0.9895799999999999,0.37906100000000004,0.985102,,,1.5140117576138536,1.5821575719036074
SNP,ALL,3352679,3326269,26410,3731053,14576,389249,2721,593,0.992123,0.9956379999999999,0.104327,0.993877,2.0975722178140814,2.0383404503026576,1.5743345845517158,1.6283985914093446
SNP,PASS,3352679,3299200,53479,3647727,8694,338881,2057,443,0.984049,0.9973719999999999,0.092902,0.9906659999999999,2.0975722178140814,2.045039796963296,1.5743345845517158,1.611621371141596
