Type,Filter,TRUTH.TOTAL,TRUTH.TP,TRUTH.FN,QUERY.TOTAL,QUERY.FP,QUERY.UNK,FP.gt,FP.al,METRIC.Recall,METRIC.Precision,METRIC.Frac_NA,METRIC.F1_Score,TRUTH.TOTAL.TiTv_ratio,QUERY.TOTAL.TiTv_ratio,TRUTH.TOTAL.het_hom_ratio,QUERY.TOTAL.het_hom_ratio
INDEL,ALL,508274,499039,9235,841479,5521,336813,1308,3430,0.9818309999999999,0.98906,0.40026300000000004,0.985432,,,1.5010726729322714,1.60317181550982
INDEL,PASS,508274,498953,9321,839847,5337,335438,1308,3393,0.981661,0.989419,0.399404,0.985525,,,1.5010726729322714,1.5977897806348995
SNP,ALL,3340471,3314749,25722,3748049,16097,416360,2472,652,0.9923,0.9951690000000001,0.11108699999999999,0.993732,2.097942603562915,2.035273866960514,1.578296918585843,1.6441508326111443
SNP,PASS,3340471,3290455,50016,3664431,9251,363889,1813,456,0.9850270000000001,0.9971969999999999,0.099303,0.991075,2.097942603562915,2.0428199981071833,1.578296918585843,1.6259910650023943
