Type,Filter,TRUTH.TOTAL,TRUTH.TP,TRUTH.FN,QUERY.TOTAL,QUERY.FP,QUERY.UNK,FP.gt,FP.al,METRIC.Recall,METRIC.Precision,METRIC.Frac_NA,METRIC.F1_Score,TRUTH.TOTAL.TiTv_ratio,QUERY.TOTAL.TiTv_ratio,TRUTH.TOTAL.het_hom_ratio,QUERY.TOTAL.het_hom_ratio
INDEL,ALL,500793,490768,10025,828420,5690,331857,1441,3537,0.979982,0.988541,0.40059,0.984243,,,1.4790521868945146,1.541383028582853
INDEL,PASS,500793,490669,10124,827006,5557,330659,1441,3509,0.979784,0.9888040000000001,0.399827,0.984273,,,1.4790521868945146,1.536748679997247
SNP,ALL,3314143,3287847,26296,3706270,14960,402614,2584,558,0.992066,0.9954719999999999,0.10863099999999999,0.993766,2.100052932616592,2.036570381971521,1.5296134232553806,1.5848356435422521
SNP,PASS,3314143,3258724,55419,3622311,9419,353322,1965,404,0.9832780000000001,0.9971190000000001,0.09754,0.99015,2.100052932616592,2.0430181491084185,1.5296134232553806,1.5670894977991183
