Type,Filter,TRUTH.TOTAL,TRUTH.TP,TRUTH.FN,QUERY.TOTAL,QUERY.FP,QUERY.UNK,FP.gt,FP.al,METRIC.Recall,METRIC.Precision,METRIC.Frac_NA,METRIC.F1_Score,TRUTH.TOTAL.TiTv_ratio,QUERY.TOTAL.TiTv_ratio,TRUTH.TOTAL.het_hom_ratio,QUERY.TOTAL.het_hom_ratio
INDEL,ALL,500793,490680,10113,828551,5767,332002,1424,3576,0.979806,0.9883860000000001,0.400702,0.9840770000000001,,,1.4790521868945146,1.540932262249538
INDEL,PASS,500793,490589,10204,827157,5600,330855,1424,3546,0.9796239999999999,0.988717,0.399991,0.9841489999999999,,,1.4790521868945146,1.536381923376819
SNP,ALL,3314143,3287955,26188,3706398,15111,402493,2509,545,0.9920979999999999,0.995426,0.10859400000000001,0.9937590000000001,2.100052932616592,2.036791503074696,1.5296134232553806,1.585251047849771
SNP,PASS,3314143,3258790,55353,3622526,9477,353427,1901,403,0.983298,0.997101,0.097564,0.990151,2.100052932616592,2.0429391332390496,1.5296134232553806,1.5671192964920302
