Type,Filter,TRUTH.TOTAL,TRUTH.TP,TRUTH.FN,QUERY.TOTAL,QUERY.FP,QUERY.UNK,FP.gt,FP.al,METRIC.Recall,METRIC.Precision,METRIC.Frac_NA,METRIC.F1_Score,TRUTH.TOTAL.TiTv_ratio,QUERY.TOTAL.TiTv_ratio,TRUTH.TOTAL.het_hom_ratio,QUERY.TOTAL.het_hom_ratio
INDEL,ALL,522389,512458,9931,834923,5557,316776,1331,3441,0.9809889999999999,0.989275,0.379407,0.985115,,,1.5140117576138536,1.5890375519897049
INDEL,PASS,522389,512368,10021,833545,5384,315645,1331,3395,0.980817,0.989604,0.378678,0.985191,,,1.5140117576138536,1.5845099619565037
SNP,ALL,3352679,3326370,26309,3730468,14553,388591,2780,648,0.9921530000000001,0.9956450000000001,0.10416700000000001,0.9938959999999999,2.0975722178140814,2.0378964525657266,1.5743345845517158,1.6277694862894485
SNP,PASS,3352679,3299438,53241,3647390,8761,338245,2061,489,0.9841200000000001,0.997352,0.092736,0.990692,2.0975722178140814,2.044326692395953,1.5743345845517158,1.6111289748512754
