Type,Filter,TRUTH.TOTAL,TRUTH.TP,TRUTH.FN,QUERY.TOTAL,QUERY.FP,QUERY.UNK,FP.gt,FP.al,METRIC.Recall,METRIC.Precision,METRIC.Frac_NA,METRIC.F1_Score,TRUTH.TOTAL.TiTv_ratio,QUERY.TOTAL.TiTv_ratio,TRUTH.TOTAL.het_hom_ratio,QUERY.TOTAL.het_hom_ratio
INDEL,ALL,508274,499111,9163,841857,5424,337211,1274,3392,0.981972,0.989252,0.40055599999999997,0.985599,,,1.5010726729322714,1.6036387845545421
INDEL,PASS,508274,499013,9261,840154,5239,335773,1274,3353,0.9817799999999999,0.989613,0.399656,0.9856809999999999,,,1.5010726729322714,1.5980497370059754
SNP,ALL,3340471,3314785,25686,3748314,16289,416397,2469,643,0.992311,0.9951110000000001,0.11108900000000001,0.9937090000000001,2.097942603562915,2.0350246620054544,1.578296918585843,1.6443009335188892
SNP,PASS,3340471,3290677,49794,3664844,9305,364026,1803,415,0.985094,0.997181,0.099329,0.991101,2.097942603562915,2.042614560715021,1.578296918585843,1.6260778125271043
