Type,Filter,TRUTH.TOTAL,TRUTH.TP,TRUTH.FN,QUERY.TOTAL,QUERY.FP,QUERY.UNK,FP.gt,FP.al,METRIC.Recall,METRIC.Precision,METRIC.Frac_NA,METRIC.F1_Score,TRUTH.TOTAL.TiTv_ratio,QUERY.TOTAL.TiTv_ratio,TRUTH.TOTAL.het_hom_ratio,QUERY.TOTAL.het_hom_ratio
INDEL,ALL,500793,490775,10018,829470,5713,332873,1395,3590,0.9799959999999999,0.9884959999999999,0.401308,0.9842270000000001,,,1.4790521868945146,1.5453389108170839
INDEL,PASS,500793,490665,10128,828007,5552,331666,1395,3549,0.979776,0.988814,0.400559,0.984274,,,1.4790521868945146,1.5405843996183994
SNP,ALL,3314143,3288070,26073,3706515,15048,402549,2501,554,0.992133,0.995445,0.108606,0.9937860000000001,2.100052932616592,2.036990950504247,1.5296134232553806,1.5849067397419296
SNP,PASS,3314143,3259160,54983,3623202,9485,353716,1915,396,0.98341,0.997099,0.097625,0.990207,2.100052932616592,2.0432205339733267,1.5296134232553806,1.5673779828674514
