Type,Filter,TRUTH.TOTAL,TRUTH.TP,TRUTH.FN,QUERY.TOTAL,QUERY.FP,QUERY.UNK,FP.gt,FP.al,METRIC.Recall,METRIC.Precision,METRIC.Frac_NA,METRIC.F1_Score,TRUTH.TOTAL.TiTv_ratio,QUERY.TOTAL.TiTv_ratio,TRUTH.TOTAL.het_hom_ratio,QUERY.TOTAL.het_hom_ratio
INDEL,ALL,500793,490717,10076,829069,5789,332462,1417,3612,0.97988,0.9883430000000001,0.401006,0.984093,,,1.4790521868945146,1.5443191503310825
INDEL,PASS,500793,490631,10162,827600,5613,331239,1417,3576,0.979708,0.988692,0.40024,0.9841790000000001,,,1.4790521868945146,1.5395619777546852
SNP,ALL,3314143,3287913,26230,3706215,15047,402409,2537,587,0.992085,0.9954459999999999,0.10857699999999999,0.993763,2.100052932616592,2.036987336089278,1.5296134232553806,1.5846316660399695
SNP,PASS,3314143,3258614,55529,3622396,9439,353502,1918,416,0.983245,0.9971120000000001,0.097588,0.99013,2.100052932616592,2.0436545605142413,1.5296134232553806,1.5670692803711286
