Type,Filter,TRUTH.TOTAL,TRUTH.TP,TRUTH.FN,QUERY.TOTAL,QUERY.FP,QUERY.UNK,FP.gt,FP.al,METRIC.Recall,METRIC.Precision,METRIC.Frac_NA,METRIC.F1_Score,TRUTH.TOTAL.TiTv_ratio,QUERY.TOTAL.TiTv_ratio,TRUTH.TOTAL.het_hom_ratio,QUERY.TOTAL.het_hom_ratio
INDEL,ALL,508274,499279,8995,842068,5365,337318,1198,3383,0.982303,0.9893709999999999,0.40058299999999997,0.985824,,,1.5010726729322714,1.6023716383036466
INDEL,PASS,508274,499180,9094,840374,5196,335883,1197,3343,0.982108,0.989701,0.399683,0.9858899999999999,,,1.5010726729322714,1.5968081972801498
SNP,ALL,3340471,3314575,25896,3748103,16176,416506,2517,665,0.9922479999999999,0.9951450000000001,0.111124,0.9936940000000001,2.097942603562915,2.03500294275035,1.578296918585843,1.644139874905523
SNP,PASS,3340471,3290147,50324,3664556,9408,364162,1887,482,0.984935,0.997149,0.099374,0.9910049999999999,2.097942603562915,2.0425733254309377,1.578296918585843,1.626156700475154
