Type,Filter,TRUTH.TOTAL,TRUTH.TP,TRUTH.FN,QUERY.TOTAL,QUERY.FP,QUERY.UNK,FP.gt,FP.al,METRIC.Recall,METRIC.Precision,METRIC.Frac_NA,METRIC.F1_Score,TRUTH.TOTAL.TiTv_ratio,QUERY.TOTAL.TiTv_ratio,TRUTH.TOTAL.het_hom_ratio,QUERY.TOTAL.het_hom_ratio
INDEL,ALL,508274,499031,9243,841829,5525,337163,1267,3465,0.981815,0.989052,0.400512,0.9854200000000001,,,1.5010726729322714,1.6013621516436167
INDEL,PASS,508274,498920,9354,840191,5349,335797,1267,3432,0.9815969999999999,0.989395,0.399667,0.9854799999999999,,,1.5010726729322714,1.5959842999166016
SNP,ALL,3340471,3314887,25584,3747964,15975,416254,2453,635,0.992341,0.9952049999999999,0.11106099999999999,0.993771,2.097942603562915,2.035554853781281,1.578296918585843,1.6437608094481722
SNP,PASS,3340471,3290359,50112,3664095,9204,363690,1802,425,0.984999,0.9972110000000001,0.099258,0.991067,2.097942603562915,2.042749816724825,1.578296918585843,1.6256990208510904
