Type,Filter,TRUTH.TOTAL,TRUTH.TP,TRUTH.FN,QUERY.TOTAL,QUERY.FP,QUERY.UNK,FP.gt,FP.al,METRIC.Recall,METRIC.Precision,METRIC.Frac_NA,METRIC.F1_Score,TRUTH.TOTAL.TiTv_ratio,QUERY.TOTAL.TiTv_ratio,TRUTH.TOTAL.het_hom_ratio,QUERY.TOTAL.het_hom_ratio
INDEL,ALL,522389,512370,10019,835192,5577,317114,1336,3478,0.9808209999999999,0.9892350000000001,0.37969,0.98501,,,1.5140117576138536,1.5857067178757076
INDEL,PASS,522389,512270,10119,833825,5431,315973,1336,3447,0.9806290000000001,0.9895120000000001,0.378944,0.985051,,,1.5140117576138536,1.581189223551381
SNP,ALL,3352679,3326190,26489,3730630,14661,388835,2740,575,0.992099,0.995613,0.104228,0.9938530000000001,2.0975722178140814,2.038484244194426,1.5743345845517158,1.62750382222598
SNP,PASS,3352679,3299302,53377,3647261,8680,338342,2025,427,0.984079,0.9973770000000001,0.092766,0.990683,2.0975722178140814,2.0448244779408085,1.5743345845517158,1.6105828887458444
