Type,Filter,TRUTH.TOTAL,TRUTH.TP,TRUTH.FN,QUERY.TOTAL,QUERY.FP,QUERY.UNK,FP.gt,FP.al,METRIC.Recall,METRIC.Precision,METRIC.Frac_NA,METRIC.F1_Score,TRUTH.TOTAL.TiTv_ratio,QUERY.TOTAL.TiTv_ratio,TRUTH.TOTAL.het_hom_ratio,QUERY.TOTAL.het_hom_ratio
INDEL,ALL,508274,499023,9251,842189,5518,337543,1260,3489,0.981799,0.989066,0.400792,0.985419,,,1.5010726729322714,1.602493125208891
INDEL,PASS,508274,498923,9351,840470,5345,336085,1260,3451,0.9816020000000001,0.989403,0.399877,0.9854870000000001,,,1.5010726729322714,1.5968304499185937
SNP,ALL,3340471,3314895,25576,3748518,16184,416587,2474,596,0.992344,0.995143,0.111134,0.993741,2.097942603562915,2.034436627298574,1.578296918585843,1.6444612405398462
SNP,PASS,3340471,3290296,50175,3664533,9185,364194,1813,408,0.98498,0.997217,0.099383,0.9910610000000001,2.097942603562915,2.042226949518726,1.578296918585843,1.625942187415996
