Type,Filter,TRUTH.TOTAL,TRUTH.TP,TRUTH.FN,QUERY.TOTAL,QUERY.FP,QUERY.UNK,FP.gt,FP.al,METRIC.Recall,METRIC.Precision,METRIC.Frac_NA,METRIC.F1_Score,TRUTH.TOTAL.TiTv_ratio,QUERY.TOTAL.TiTv_ratio,TRUTH.TOTAL.het_hom_ratio,QUERY.TOTAL.het_hom_ratio
INDEL,ALL,500793,490655,10138,828862,5851,332253,1434,3634,0.979756,0.988218,0.400854,0.9839690000000001,,,1.4790521868945146,1.5417974612203704
INDEL,PASS,500793,490567,10226,827483,5684,331120,1434,3598,0.9795799999999999,0.988549,0.40015300000000004,0.984044,,,1.4790521868945146,1.5373038471998768
SNP,ALL,3314143,3287887,26256,3706153,15126,402286,2606,590,0.992078,0.9954219999999999,0.108545,0.9937469999999999,2.100052932616592,2.0372275141292007,1.5296134232553806,1.5848347594090297
SNP,PASS,3314143,3259018,55125,3622848,9450,353525,1988,416,0.983367,0.997109,0.097582,0.99019,2.100052932616592,2.0439592286575428,1.5296134232553806,1.567136650748499
