Type,Filter,TRUTH.TOTAL,TRUTH.TP,TRUTH.FN,QUERY.TOTAL,QUERY.FP,QUERY.UNK,FP.gt,FP.al,METRIC.Recall,METRIC.Precision,METRIC.Frac_NA,METRIC.F1_Score,TRUTH.TOTAL.TiTv_ratio,QUERY.TOTAL.TiTv_ratio,TRUTH.TOTAL.het_hom_ratio,QUERY.TOTAL.het_hom_ratio
INDEL,ALL,522389,512315,10074,835221,5566,317204,1329,3472,0.980716,0.9892549999999999,0.379785,0.984967,,,1.5140117576138536,1.587153835961309
INDEL,PASS,522389,512218,10171,833834,5369,316088,1329,3431,0.9805299999999999,0.9896299999999999,0.379078,0.985059,,,1.5140117576138536,1.5826277362590766
SNP,ALL,3352679,3326289,26390,3730519,14673,388606,2764,639,0.992129,0.995609,0.10416900000000001,0.993866,2.0975722178140814,2.0385043206920925,1.5743345845517158,1.6277390418946487
SNP,PASS,3352679,3299348,53331,3647257,8746,338225,2069,454,0.984093,0.9973569999999999,0.092734,0.9906809999999999,2.0975722178140814,2.0449760909320824,1.5743345845517158,1.6110527846090605
