Type,Filter,TRUTH.TOTAL,TRUTH.TP,TRUTH.FN,QUERY.TOTAL,QUERY.FP,QUERY.UNK,FP.gt,FP.al,METRIC.Recall,METRIC.Precision,METRIC.Frac_NA,METRIC.F1_Score,TRUTH.TOTAL.TiTv_ratio,QUERY.TOTAL.TiTv_ratio,TRUTH.TOTAL.het_hom_ratio,QUERY.TOTAL.het_hom_ratio
INDEL,ALL,522389,512301,10088,834864,5666,316762,1369,3495,0.9806889999999999,0.9890639999999999,0.379417,0.984859,,,1.5140117576138536,1.588716764999486
INDEL,PASS,522389,512201,10188,833470,5492,315624,1369,3465,0.980497,0.989395,0.378687,0.984926,,,1.5140117576138536,1.584110770251223
SNP,ALL,3352679,3326326,26353,3731081,14550,389251,2709,542,0.9921399999999999,0.9956459999999999,0.104327,0.9938899999999999,2.0975722178140814,2.0383441776249374,1.5743345845517158,1.628279770386124
SNP,PASS,3352679,3299152,53527,3647397,8564,338730,1970,395,0.984035,0.9974120000000001,0.09286900000000001,0.9906780000000001,2.0975722178140814,2.04476939293461,1.5743345845517158,1.6116325228152937
