Type,Filter,TRUTH.TOTAL,TRUTH.TP,TRUTH.FN,QUERY.TOTAL,QUERY.FP,QUERY.UNK,FP.gt,FP.al,METRIC.Recall,METRIC.Precision,METRIC.Frac_NA,METRIC.F1_Score,TRUTH.TOTAL.TiTv_ratio,QUERY.TOTAL.TiTv_ratio,TRUTH.TOTAL.het_hom_ratio,QUERY.TOTAL.het_hom_ratio
INDEL,ALL,522389,254796,267593,416661,66618,95205,25013,16835,0.48775100000000005,0.792762,0.22849499999999998,0.603931,,,1.5140117576138536,0.9921921892849537
INDEL,PASS,522389,254779,267610,416143,66261,95053,25013,16804,0.48771899999999996,0.793637,0.22841399999999998,0.60416,,,1.5140117576138536,0.9896944144597676
SNP,ALL,3352679,2743165,609514,3322726,368141,211421,202214,4513,0.8182010000000001,0.881676,0.06362899999999999,0.8487530000000001,2.0975722178140814,2.0428514657109527,1.5743345845517158,1.2027413736174117
SNP,PASS,3352679,2717997,634682,3279621,363750,197878,200438,4395,0.8106939999999999,0.881966,0.060336,0.84483,2.0975722178140814,2.044744322137583,1.5743345845517158,1.2187796661088959
