Type,Filter,TRUTH.TOTAL,TRUTH.TP,TRUTH.FN,QUERY.TOTAL,QUERY.FP,QUERY.UNK,FP.gt,FP.al,METRIC.Recall,METRIC.Precision,METRIC.Frac_NA,METRIC.F1_Score,TRUTH.TOTAL.TiTv_ratio,QUERY.TOTAL.TiTv_ratio,TRUTH.TOTAL.het_hom_ratio,QUERY.TOTAL.het_hom_ratio
INDEL,ALL,500793,257206,243587,438436,71561,109623,27467,18612,0.513597,0.782366,0.25003200000000003,0.620112,,,1.4790521868945146,0.9259107526929602
INDEL,PASS,500793,257188,243605,438016,71287,109489,27467,18585,0.5135609999999999,0.78301,0.249966,0.6202880000000001,,,1.4790521868945146,0.9240490546209132
SNP,ALL,3314143,2711070,603073,3329097,386638,231386,216793,4858,0.81803,0.875186,0.069504,0.8456440000000001,2.100052932616592,2.014863866361934,1.5296134232553806,1.150762301993713
SNP,PASS,3314143,2688608,625535,3288761,382251,217902,214973,4751,0.811253,0.8755229999999999,0.06625700000000001,0.8421639999999999,2.100052932616592,2.0170162530854627,1.5296134232553806,1.163294991631667
