Type,Filter,TRUTH.TOTAL,TRUTH.TP,TRUTH.FN,QUERY.TOTAL,QUERY.FP,QUERY.UNK,FP.gt,FP.al,METRIC.Recall,METRIC.Precision,METRIC.Frac_NA,METRIC.F1_Score,TRUTH.TOTAL.TiTv_ratio,QUERY.TOTAL.TiTv_ratio,TRUTH.TOTAL.het_hom_ratio,QUERY.TOTAL.het_hom_ratio
INDEL,ALL,522389,250473,271916,405090,64382,90195,24757,16046,0.479476,0.795545,0.222654,0.5983350000000001,,,1.5140117576138536,0.9710450623202301
INDEL,PASS,522389,250461,271928,404758,64156,90094,24757,16030,0.47945299999999996,0.796113,0.22258699999999998,0.598477,,,1.5140117576138536,0.9694126902180593
SNP,ALL,3352679,2734021,618658,3315809,374650,207139,206599,4441,0.815474,0.879482,0.062470000000000005,0.846269,2.0975722178140814,2.038691256164632,1.5743345845517158,1.1924955063506277
SNP,PASS,3352679,2713744,638935,3279353,370592,195020,204819,4325,0.809426,0.8798469999999999,0.05946900000000001,0.843168,2.0975722178140814,2.0405875972298193,1.5743345845517158,1.2052294667633343
