Type,Filter,TRUTH.TOTAL,TRUTH.TP,TRUTH.FN,QUERY.TOTAL,QUERY.FP,QUERY.UNK,FP.gt,FP.al,METRIC.Recall,METRIC.Precision,METRIC.Frac_NA,METRIC.F1_Score,TRUTH.TOTAL.TiTv_ratio,QUERY.TOTAL.TiTv_ratio,TRUTH.TOTAL.het_hom_ratio,QUERY.TOTAL.het_hom_ratio
INDEL,ALL,500793,254707,246086,431376,69941,106683,27483,18126,0.5086069999999999,0.784593,0.247309,0.617151,,,1.4790521868945146,0.910985579295925
INDEL,PASS,500793,254696,246097,431060,69745,106571,27483,18099,0.5085850000000001,0.785062,0.24723,0.61728,,,1.4790521868945146,0.9095677378249594
SNP,ALL,3314143,2704547,609596,3323696,390221,228937,220565,4755,0.816062,0.873909,0.06888,0.8439959999999999,2.100052932616592,2.0112538998662903,1.5296134232553806,1.1423345947304973
SNP,PASS,3314143,2683940,630203,3286093,386062,216103,218745,4631,0.809844,0.874246,0.065763,0.840814,2.100052932616592,2.013258871185129,1.5296134232553806,1.1537750548836088
