Type,Filter,TRUTH.TOTAL,TRUTH.TP,TRUTH.FN,QUERY.TOTAL,QUERY.FP,QUERY.UNK,FP.gt,FP.al,METRIC.Recall,METRIC.Precision,METRIC.Frac_NA,METRIC.F1_Score,TRUTH.TOTAL.TiTv_ratio,QUERY.TOTAL.TiTv_ratio,TRUTH.TOTAL.het_hom_ratio,QUERY.TOTAL.het_hom_ratio
INDEL,ALL,508274,236544,271730,383954,59431,87942,23053,14160,0.465387,0.7992279999999999,0.229043,0.5882430000000001,,,1.5010726729322714,0.9652819389631588
INDEL,PASS,508274,236526,271748,383618,59206,87843,23053,14140,0.465351,0.799828,0.22898600000000002,0.588377,,,1.5010726729322714,0.9635462941917887
SNP,ALL,3340471,2703126,637345,3305881,383150,219613,211114,4586,0.8092050000000001,0.8758530000000001,0.06643099999999999,0.841211,2.097942603562915,2.043481222636674,1.578296918585843,1.1805193014675568
SNP,PASS,3340471,2683850,656621,3271556,379230,208489,209442,4463,0.803435,0.876193,0.06372799999999999,0.8382379999999999,2.097942603562915,2.0450850148772544,1.578296918585843,1.1934317581694
