Type,Filter,TRUTH.TOTAL,TRUTH.TP,TRUTH.FN,QUERY.TOTAL,QUERY.FP,QUERY.UNK,FP.gt,FP.al,METRIC.Recall,METRIC.Precision,METRIC.Frac_NA,METRIC.F1_Score,TRUTH.TOTAL.TiTv_ratio,QUERY.TOTAL.TiTv_ratio,TRUTH.TOTAL.het_hom_ratio,QUERY.TOTAL.het_hom_ratio
INDEL,ALL,522389,252769,269620,410834,65471,92550,24874,16419,0.483871,0.7943,0.225273,0.6013890000000001,,,1.5140117576138536,0.9820341746018576
INDEL,PASS,522389,252752,269637,410355,65155,92395,24874,16389,0.483839,0.795084,0.22515900000000003,0.601588,,,1.5140117576138536,0.9796963233750958
SNP,ALL,3352679,2738381,614298,3318065,370668,209018,204684,4427,0.816774,0.8807780000000001,0.06299400000000001,0.847569,2.0975722178140814,2.041335160227476,1.5743345845517158,1.1965446739991155
SNP,PASS,3352679,2713311,639368,3275709,366447,195957,202917,4287,0.809296,0.881014,0.059821000000000006,0.843634,2.0975722178140814,2.043513563730955,1.5743345845517158,1.2129531721799223
