Type,Filter,TRUTH.TOTAL,TRUTH.TP,TRUTH.FN,QUERY.TOTAL,QUERY.FP,QUERY.UNK,FP.gt,FP.al,METRIC.Recall,METRIC.Precision,METRIC.Frac_NA,METRIC.F1_Score,TRUTH.TOTAL.TiTv_ratio,QUERY.TOTAL.TiTv_ratio,TRUTH.TOTAL.het_hom_ratio,QUERY.TOTAL.het_hom_ratio
INDEL,ALL,508274,238781,269493,390782,61149,90818,23152,14852,0.469788,0.796146,0.23240100000000002,0.590899,,,1.5010726729322714,0.9777977721089305
INDEL,PASS,508274,238768,269506,390323,60848,90670,23152,14827,0.469762,0.796938,0.23229499999999997,0.591097,,,1.5010726729322714,0.975451278302345
SNP,ALL,3340471,2708521,631950,3312153,381318,222309,208505,4507,0.81082,0.87659,0.06711900000000001,0.8424229999999999,2.097942603562915,2.046082711994085,1.578296918585843,1.1880185519196083
SNP,PASS,3340471,2688186,652285,3275788,377226,210371,206826,4374,0.804733,0.876941,0.06422,0.8392870000000001,2.097942603562915,2.0477426905372367,1.578296918585843,1.2013871993225305
