Type,Filter,TRUTH.TOTAL,TRUTH.TP,TRUTH.FN,QUERY.TOTAL,QUERY.FP,QUERY.UNK,FP.gt,FP.al,METRIC.Recall,METRIC.Precision,METRIC.Frac_NA,METRIC.F1_Score,TRUTH.TOTAL.TiTv_ratio,QUERY.TOTAL.TiTv_ratio,TRUTH.TOTAL.het_hom_ratio,QUERY.TOTAL.het_hom_ratio
INDEL,ALL,500793,257722,243071,439728,71713,110250,27446,18699,0.514628,0.7823439999999999,0.25072300000000003,0.620855,,,1.4790521868945146,0.9321731151279744
INDEL,PASS,500793,257705,243088,439250,71389,110106,27445,18667,0.514594,0.783107,0.250668,0.621071,,,1.4790521868945146,0.9300439202130977
SNP,ALL,3314143,2713469,600674,3332351,386216,232661,215233,5041,0.818754,0.875402,0.069819,0.846131,2.100052932616592,2.0156603742853885,1.5296134232553806,1.1556290962261344
SNP,PASS,3314143,2689765,624378,3290442,381849,218825,213455,4914,0.811602,0.875685,0.06650299999999999,0.842426,2.100052932616592,2.017753568366369,1.5296134232553806,1.168852709744109
