Type,Filter,TRUTH.TOTAL,TRUTH.TP,TRUTH.FN,QUERY.TOTAL,QUERY.FP,QUERY.UNK,FP.gt,FP.al,METRIC.Recall,METRIC.Precision,METRIC.Frac_NA,METRIC.F1_Score,TRUTH.TOTAL.TiTv_ratio,QUERY.TOTAL.TiTv_ratio,TRUTH.TOTAL.het_hom_ratio,QUERY.TOTAL.het_hom_ratio
INDEL,ALL,500793,255415,245378,433240,70632,107149,27506,18286,0.5100210000000001,0.7833979999999999,0.24731999999999998,0.617819,,,1.4790521868945146,0.9163993476819412
INDEL,PASS,500793,255397,245396,432904,70403,107056,27506,18263,0.509985,0.783939,0.247297,0.617961,,,1.4790521868945146,0.9148939983154424
SNP,ALL,3314143,2707043,607100,3325990,389096,229850,219035,4856,0.816815,0.8743290000000001,0.069107,0.8445940000000001,2.100052932616592,2.012432350192354,1.5296134232553806,1.1457844145000422
SNP,PASS,3314143,2686405,627738,3288133,384870,216861,217233,4719,0.810588,0.8746870000000001,0.065953,0.841419,2.100052932616592,2.01447145766913,1.5296134232553806,1.157117942782456
