Type,Filter,TRUTH.TOTAL,TRUTH.TP,TRUTH.FN,QUERY.TOTAL,QUERY.FP,QUERY.UNK,FP.gt,FP.al,METRIC.Recall,METRIC.Precision,METRIC.Frac_NA,METRIC.F1_Score,TRUTH.TOTAL.TiTv_ratio,QUERY.TOTAL.TiTv_ratio,TRUTH.TOTAL.het_hom_ratio,QUERY.TOTAL.het_hom_ratio
INDEL,ALL,522389,249409,272980,402291,63848,88994,24772,15770,0.47743900000000006,0.7962060000000001,0.22121799999999997,0.596932,,,1.5140117576138536,0.9677433702667708
INDEL,PASS,522389,249403,272986,401979,63632,88900,24771,15756,0.47742799999999996,0.796754,0.221156,0.5970770000000001,,,1.5140117576138536,0.9662014569104406
SNP,ALL,3352679,2731080,621599,3312390,375425,205887,208303,4365,0.814596,0.879149,0.062157000000000004,0.845642,2.0975722178140814,2.0377563689916167,1.5743345845517158,1.187681072304739
SNP,PASS,3352679,2710630,642049,3276199,371420,194152,206573,4245,0.808497,0.879489,0.059261,0.8425,2.0975722178140814,2.039872041326792,1.5743345845517158,1.2006869924898405
