Type,Filter,TRUTH.TOTAL,TRUTH.TP,TRUTH.FN,QUERY.TOTAL,QUERY.FP,QUERY.UNK,FP.gt,FP.al,METRIC.Recall,METRIC.Precision,METRIC.Frac_NA,METRIC.F1_Score,TRUTH.TOTAL.TiTv_ratio,QUERY.TOTAL.TiTv_ratio,TRUTH.TOTAL.het_hom_ratio,QUERY.TOTAL.het_hom_ratio
INDEL,ALL,508274,238094,270180,388620,60691,89801,23144,14621,0.46843599999999996,0.7968970000000001,0.231077,0.5900350000000001,,,1.5010726729322714,0.9704661223027107
INDEL,PASS,508274,238079,270195,388220,60431,89673,23144,14598,0.46840699999999996,0.797583,0.230985,0.5902,,,1.5010726729322714,0.9684183582051348
SNP,ALL,3340471,2707027,633444,3310720,382141,221554,209053,4451,0.810373,0.876296,0.06692000000000001,0.842046,2.097942603562915,2.045021547878964,1.578296918585843,1.1858619608102086
SNP,PASS,3340471,2687609,652862,3275545,378095,209843,207374,4341,0.80456,0.876669,0.064064,0.839068,2.097942603562915,2.04670408623552,1.578296918585843,1.1986576469348285
