Type,Filter,TRUTH.TOTAL,TRUTH.TP,TRUTH.FN,QUERY.TOTAL,QUERY.FP,QUERY.UNK,FP.gt,FP.al,METRIC.Recall,METRIC.Precision,METRIC.Frac_NA,METRIC.F1_Score,TRUTH.TOTAL.TiTv_ratio,QUERY.TOTAL.TiTv_ratio,TRUTH.TOTAL.het_hom_ratio,QUERY.TOTAL.het_hom_ratio
INDEL,ALL,508274,238385,269889,389016,60574,90022,23147,14686,0.469009,0.797407,0.23141,0.590629,,,1.5010726729322714,0.9740550567785841
INDEL,PASS,508274,238372,269902,388624,60326,89887,23147,14665,0.468983,0.798063,0.231296,0.590789,,,1.5010726729322714,0.972046283769934
SNP,ALL,3340471,2707906,632565,3310420,380857,221656,208609,4450,0.8106359999999999,0.8766959999999999,0.066957,0.8423729999999999,2.097942603562915,2.0452907315798865,1.578296918585843,1.1867615182507598
SNP,PASS,3340471,2687573,652898,3274201,376802,209829,206915,4335,0.804549,0.8770379999999999,0.064086,0.839231,2.097942603562915,2.0470248752144897,1.578296918585843,1.2002984071510183
