Type,Filter,TRUTH.TOTAL,TRUTH.TP,TRUTH.FN,QUERY.TOTAL,QUERY.FP,QUERY.UNK,FP.gt,FP.al,METRIC.Recall,METRIC.Precision,METRIC.Frac_NA,METRIC.F1_Score,TRUTH.TOTAL.TiTv_ratio,QUERY.TOTAL.TiTv_ratio,TRUTH.TOTAL.het_hom_ratio,QUERY.TOTAL.het_hom_ratio
INDEL,ALL,682,639,43,1033,76,316,10,14,0.93695,0.8940030000000001,0.30590500000000004,0.9149729999999999,,,0.9881656804733728,1.4382566585956416
INDEL,PASS,682,638,44,995,54,301,10,13,0.935484,0.92219,0.30251300000000003,0.928789,,,0.9881656804733728,1.3462469733656175
SNP,ALL,22743,22344,399,25616,457,2817,49,1,0.982456,0.9799549999999999,0.10997,0.9812040000000001,2.96411149825784,2.832261922559426,1.5847833503923576,1.7004010130856901
SNP,PASS,22743,22008,735,24249,207,2036,36,0,0.9676819999999999,0.9906809999999999,0.083962,0.9790469999999999,2.96411149825784,2.875898418782942,1.5847833503923576,1.6614657729919788
