Type,Filter,TRUTH.TOTAL,TRUTH.TP,TRUTH.FN,QUERY.TOTAL,QUERY.FP,QUERY.UNK,FP.gt,FP.al,METRIC.Recall,METRIC.Precision,METRIC.Frac_NA,METRIC.F1_Score,TRUTH.TOTAL.TiTv_ratio,QUERY.TOTAL.TiTv_ratio,TRUTH.TOTAL.het_hom_ratio,QUERY.TOTAL.het_hom_ratio
INDEL,ALL,690,635,55,1009,55,317,10,12,0.9202899999999999,0.9205200000000001,0.314172,0.9204049999999999,,,1.0581039755351682,1.3238770685579195
INDEL,PASS,690,635,55,998,50,311,10,11,0.9202899999999999,0.92722,0.311623,0.923742,,,1.0581039755351682,1.297872340425532
SNP,ALL,22589,22182,407,25640,418,3040,42,7,0.981982,0.981504,0.118565,0.981743,2.9636842105263157,2.8256524981357196,1.5521645755623374,1.6696884443055122
SNP,PASS,22589,21873,716,24364,226,2265,32,7,0.968303,0.9897729999999999,0.09296499999999999,0.9789209999999999,2.9636842105263157,2.87396694214876,1.5521645755623374,1.642748588797221
