Type,Filter,TRUTH.TOTAL,TRUTH.TP,TRUTH.FN,QUERY.TOTAL,QUERY.FP,QUERY.UNK,FP.gt,FP.al,METRIC.Recall,METRIC.Precision,METRIC.Frac_NA,METRIC.F1_Score,TRUTH.TOTAL.TiTv_ratio,QUERY.TOTAL.TiTv_ratio,TRUTH.TOTAL.het_hom_ratio,QUERY.TOTAL.het_hom_ratio
INDEL,ALL,643,600,43,982,45,330,6,9,0.933126,0.930982,0.336049,0.932053,,,0.9904458598726115,1.4025
INDEL,PASS,643,599,44,954,39,309,6,9,0.9315709999999999,0.939535,0.323899,0.935536,,,0.9904458598726115,1.3325
SNP,ALL,22543,22113,430,25763,403,3256,52,8,0.980925,0.982094,0.126383,0.98151,2.9467973398669933,2.811742088139604,1.6274052478134111,1.710180018949363
SNP,PASS,22543,21806,737,24455,235,2423,34,8,0.9673069999999999,0.989334,0.09908,0.978196,2.9467973398669933,2.842179648241206,1.6274052478134111,1.698023628132936
