Type,Filter,TRUTH.TOTAL,TRUTH.TP,TRUTH.FN,QUERY.TOTAL,QUERY.FP,QUERY.UNK,FP.gt,FP.al,METRIC.Recall,METRIC.Precision,METRIC.Frac_NA,METRIC.F1_Score,TRUTH.TOTAL.TiTv_ratio,QUERY.TOTAL.TiTv_ratio,TRUTH.TOTAL.het_hom_ratio,QUERY.TOTAL.het_hom_ratio
INDEL,ALL,643,600,43,987,42,339,3,8,0.933126,0.935185,0.343465,0.934154,,,0.9904458598726115,1.298329355608592
INDEL,PASS,643,600,43,956,30,320,3,7,0.933126,0.95283,0.334728,0.942875,,,0.9904458598726115,1.224343675417661
SNP,ALL,22543,22071,472,25691,415,3214,66,4,0.9790620000000001,0.9815370000000001,0.125102,0.980298,2.9467973398669933,2.8127874202640557,1.6274052478134111,1.704413778573686
SNP,PASS,22543,21783,760,24387,221,2392,45,4,0.9662870000000001,0.989952,0.098085,0.9779760000000001,2.9467973398669933,2.849479331019249,1.6274052478134111,1.6870658286470395
