Type,Filter,TRUTH.TOTAL,TRUTH.TP,TRUTH.FN,QUERY.TOTAL,QUERY.FP,QUERY.UNK,FP.gt,FP.al,METRIC.Recall,METRIC.Precision,METRIC.Frac_NA,METRIC.F1_Score,TRUTH.TOTAL.TiTv_ratio,QUERY.TOTAL.TiTv_ratio,TRUTH.TOTAL.het_hom_ratio,QUERY.TOTAL.het_hom_ratio
INDEL,ALL,690,631,59,1043,60,350,6,10,0.914493,0.9134200000000001,0.33557,0.913956,,,1.0581039755351682,1.422434367541766
INDEL,PASS,690,631,59,1015,48,334,6,9,0.914493,0.929515,0.32906399999999997,0.9219430000000001,,,1.0581039755351682,1.3556085918854415
SNP,ALL,22589,22207,382,25747,451,3089,41,8,0.983089,0.980095,0.119975,0.98159,2.9636842105263157,2.811482687185558,1.5521645755623374,1.6811881188118811
SNP,PASS,22589,21866,723,24403,245,2292,29,8,0.967993,0.98892,0.093923,0.978345,2.9636842105263157,2.8672580389672104,1.5521645755623374,1.649641382308194
