Type,Filter,TRUTH.TOTAL,TRUTH.TP,TRUTH.FN,QUERY.TOTAL,QUERY.FP,QUERY.UNK,FP.gt,FP.al,METRIC.Recall,METRIC.Precision,METRIC.Frac_NA,METRIC.F1_Score,TRUTH.TOTAL.TiTv_ratio,QUERY.TOTAL.TiTv_ratio,TRUTH.TOTAL.het_hom_ratio,QUERY.TOTAL.het_hom_ratio
INDEL,ALL,643,609,34,1012,55,342,4,10,0.9471229999999999,0.91791,0.337945,0.9322879999999999,,,0.9904458598726115,1.4044117647058822
INDEL,PASS,643,609,34,977,45,317,4,9,0.9471229999999999,0.931818,0.324463,0.939408,,,0.9904458598726115,1.3186274509803921
SNP,ALL,22543,22155,388,25943,428,3369,50,2,0.9827879999999999,0.9810399999999999,0.12986199999999998,0.981914,2.9467973398669933,2.792665108123904,1.6274052478134111,1.7254757649037955
SNP,PASS,22543,21845,698,24490,234,2420,32,2,0.969037,0.989397,0.098816,0.9791110000000001,2.9467973398669933,2.829946858393248,1.6274052478134111,1.6948237885462556
