Type,Filter,TRUTH.TOTAL,TRUTH.TP,TRUTH.FN,QUERY.TOTAL,QUERY.FP,QUERY.UNK,FP.gt,FP.al,METRIC.Recall,METRIC.Precision,METRIC.Frac_NA,METRIC.F1_Score,TRUTH.TOTAL.TiTv_ratio,QUERY.TOTAL.TiTv_ratio,TRUTH.TOTAL.het_hom_ratio,QUERY.TOTAL.het_hom_ratio
INDEL,ALL,682,637,45,1010,58,313,9,11,0.934018,0.9167860000000001,0.30990100000000004,0.925322,,,0.9881656804733728,1.354066985645933
INDEL,PASS,682,637,45,986,48,299,9,11,0.934018,0.9301309999999999,0.303245,0.9320700000000001,,,0.9881656804733728,1.2966507177033493
SNP,ALL,22743,22272,471,25535,504,2761,57,2,0.97929,0.9778700000000001,0.108126,0.9785790000000001,2.96411149825784,2.826568818331586,1.5847833503923576,1.6897206114918293
SNP,PASS,22743,21979,764,24254,256,2021,45,1,0.966407,0.9884860000000001,0.083326,0.9773219999999999,2.96411149825784,2.88304,1.5847833503923576,1.647618006993007
