Type,Filter,TRUTH.TOTAL,TRUTH.TP,TRUTH.FN,QUERY.TOTAL,QUERY.FP,QUERY.UNK,FP.gt,FP.al,METRIC.Recall,METRIC.Precision,METRIC.Frac_NA,METRIC.F1_Score,TRUTH.TOTAL.TiTv_ratio,QUERY.TOTAL.TiTv_ratio,TRUTH.TOTAL.het_hom_ratio,QUERY.TOTAL.het_hom_ratio
INDEL,ALL,682,638,44,1001,56,305,8,11,0.935484,0.9195399999999999,0.304695,0.927444,,,0.9881656804733728,1.3461538461538463
INDEL,PASS,682,638,44,983,45,298,8,9,0.935484,0.934307,0.303154,0.934895,,,0.9881656804733728,1.3028846153846154
SNP,ALL,22743,22333,410,25606,468,2807,48,1,0.981972,0.9794729999999999,0.109623,0.980721,2.96411149825784,2.8221957040572794,1.5847833503923576,1.6892346509671994
SNP,PASS,22743,22023,720,24304,239,2044,35,0,0.968342,0.9892629999999999,0.084101,0.978691,2.96411149825784,2.878488279381279,1.5847833503923576,1.6591456736035048
