Type,Filter,TRUTH.TOTAL,TRUTH.TP,TRUTH.FN,QUERY.TOTAL,QUERY.FP,QUERY.UNK,FP.gt,FP.al,METRIC.Recall,METRIC.Precision,METRIC.Frac_NA,METRIC.F1_Score,TRUTH.TOTAL.TiTv_ratio,QUERY.TOTAL.TiTv_ratio,TRUTH.TOTAL.het_hom_ratio,QUERY.TOTAL.het_hom_ratio
INDEL,ALL,690,633,57,1004,51,318,5,9,0.917391,0.9256559999999999,0.316733,0.9215049999999999,,,1.0581039755351682,1.2974238875878221
INDEL,PASS,690,633,57,985,45,305,5,9,0.917391,0.933824,0.309645,0.925534,,,1.0581039755351682,1.2529274004683841
SNP,ALL,22589,22135,454,25614,472,3007,53,7,0.979902,0.9791219999999999,0.117397,0.979511,2.9636842105263157,2.826762246117085,1.5521645755623374,1.6592207792207792
SNP,PASS,22589,21800,789,24317,251,2266,44,7,0.9650709999999999,0.988617,0.093186,0.9767030000000001,2.9636842105263157,2.8786670918367347,1.5521645755623374,1.6370740177990015
