Type,Filter,TRUTH.TOTAL,TRUTH.TP,TRUTH.FN,QUERY.TOTAL,QUERY.FP,QUERY.UNK,FP.gt,FP.al,METRIC.Recall,METRIC.Precision,METRIC.Frac_NA,METRIC.F1_Score,TRUTH.TOTAL.TiTv_ratio,QUERY.TOTAL.TiTv_ratio,TRUTH.TOTAL.het_hom_ratio,QUERY.TOTAL.het_hom_ratio
INDEL,ALL,643,591,52,973,48,328,6,8,0.9191290000000001,0.925581,0.337102,0.922344,,,0.9904458598726115,1.2612826603325415
INDEL,PASS,643,590,53,952,41,315,6,7,0.917574,0.935636,0.330882,0.926517,,,0.9904458598726115,1.2114014251781473
SNP,ALL,22543,22054,489,25603,412,3146,45,3,0.978308,0.9816540000000001,0.122876,0.979978,2.9467973398669933,2.8110400238059814,1.6274052478134111,1.70168954593453
SNP,PASS,22543,21750,793,24352,220,2391,29,3,0.964823,0.9899819999999999,0.09818500000000001,0.977241,2.9467973398669933,2.8342776203966005,1.6274052478134111,1.6924098251825626
