Type,Filter,TRUTH.TOTAL,TRUTH.TP,TRUTH.FN,QUERY.TOTAL,QUERY.FP,QUERY.UNK,FP.gt,FP.al,METRIC.Recall,METRIC.Precision,METRIC.Frac_NA,METRIC.F1_Score,TRUTH.TOTAL.TiTv_ratio,QUERY.TOTAL.TiTv_ratio,TRUTH.TOTAL.het_hom_ratio,QUERY.TOTAL.het_hom_ratio
INDEL,ALL,690,643,47,1059,62,352,13,9,0.931884,0.912306,0.332389,0.921991,,,1.0581039755351682,1.4046511627906977
INDEL,PASS,690,643,47,1035,56,334,13,9,0.931884,0.920114,0.322705,0.9259620000000001,,,1.0581039755351682,1.3488372093023255
SNP,ALL,22589,22179,410,25699,456,3064,44,9,0.98185,0.9798540000000001,0.119226,0.980851,2.9636842105263157,2.8270318547186664,1.5521645755623374,1.6765686887638107
SNP,PASS,22589,21886,703,24380,227,2267,32,9,0.968879,0.989735,0.092986,0.979196,2.9636842105263157,2.8777424483306837,1.5521645755623374,1.6435160065111232
