Type,Filter,TRUTH.TOTAL,TRUTH.TP,TRUTH.FN,QUERY.TOTAL,QUERY.FP,QUERY.UNK,FP.gt,FP.al,METRIC.Recall,METRIC.Precision,METRIC.Frac_NA,METRIC.F1_Score,TRUTH.TOTAL.TiTv_ratio,QUERY.TOTAL.TiTv_ratio,TRUTH.TOTAL.het_hom_ratio,QUERY.TOTAL.het_hom_ratio
INDEL,ALL,682,634,48,1014,65,313,10,9,0.9296190000000001,0.907275,0.308679,0.9183110000000001,,,0.9881656804733728,1.3708133971291867
INDEL,PASS,682,633,49,984,55,294,10,9,0.9281520000000001,0.9202899999999999,0.29878000000000005,0.9242040000000001,,,0.9881656804733728,1.299043062200957
SNP,ALL,22743,22298,445,25561,462,2803,62,2,0.980434,0.979699,0.10965899999999999,0.980066,2.96411149825784,2.8248841034843726,1.5847833503923576,1.6932081839274415
SNP,PASS,22743,21972,771,24234,244,2020,51,0,0.9660989999999999,0.989016,0.083354,0.9774229999999999,2.96411149825784,2.8756592616269776,1.5847833503923576,1.6607319485657766
