Type,Filter,TRUTH.TOTAL,TRUTH.TP,TRUTH.FN,QUERY.TOTAL,QUERY.FP,QUERY.UNK,FP.gt,FP.al,METRIC.Recall,METRIC.Precision,METRIC.Frac_NA,METRIC.F1_Score,TRUTH.TOTAL.TiTv_ratio,QUERY.TOTAL.TiTv_ratio,TRUTH.TOTAL.het_hom_ratio,QUERY.TOTAL.het_hom_ratio
INDEL,ALL,682,630,52,1025,60,333,9,8,0.9237540000000001,0.9132950000000001,0.324878,0.918494,,,0.9881656804733728,1.3696682464454977
INDEL,PASS,682,630,52,992,48,312,9,8,0.9237540000000001,0.9294120000000001,0.31451599999999996,0.926574,,,0.9881656804733728,1.2914691943127963
SNP,ALL,22743,22266,477,25512,468,2780,57,2,0.9790270000000001,0.9794120000000001,0.10896800000000001,0.9792190000000001,2.96411149825784,2.8347604025837465,1.5847833503923576,1.6839001790038959
SNP,PASS,22743,21950,793,24241,253,2040,46,0,0.965132,0.988604,0.084155,0.976727,2.96411149825784,2.882983832239475,1.5847833503923576,1.6528644977544091
