Type,Filter,TRUTH.TOTAL,TRUTH.TP,TRUTH.FN,QUERY.TOTAL,QUERY.FP,QUERY.UNK,FP.gt,FP.al,METRIC.Recall,METRIC.Precision,METRIC.Frac_NA,METRIC.F1_Score,TRUTH.TOTAL.TiTv_ratio,QUERY.TOTAL.TiTv_ratio,TRUTH.TOTAL.het_hom_ratio,QUERY.TOTAL.het_hom_ratio
INDEL,ALL,690,628,62,1005,58,317,12,11,0.9101450000000001,0.9156979999999999,0.315423,0.912913,,,1.0581039755351682,1.28538283062645
INDEL,PASS,690,628,62,986,51,305,12,8,0.9101450000000001,0.92511,0.30933099999999997,0.917567,,,1.0581039755351682,1.2412993039443156
SNP,ALL,22589,22102,487,25517,441,2974,50,12,0.978441,0.9804370000000001,0.11655,0.9794379999999999,2.9636842105263157,2.823273925415606,1.5521645755623374,1.6532778355879292
SNP,PASS,22589,21808,781,24358,259,2291,37,11,0.965426,0.9882629999999999,0.094055,0.9767110000000001,2.9636842105263157,2.8644148430066605,1.5521645755623374,1.6403775222390975
