Type,Filter,TRUTH.TOTAL,TRUTH.TP,TRUTH.FN,QUERY.TOTAL,QUERY.FP,QUERY.UNK,FP.gt,FP.al,METRIC.Recall,METRIC.Precision,METRIC.Frac_NA,METRIC.F1_Score,TRUTH.TOTAL.TiTv_ratio,QUERY.TOTAL.TiTv_ratio,TRUTH.TOTAL.het_hom_ratio,QUERY.TOTAL.het_hom_ratio
INDEL,ALL,643,596,47,978,41,335,4,9,0.926905,0.9362360000000001,0.342536,0.9315469999999999,,,0.9904458598726115,1.290167865707434
INDEL,PASS,643,596,47,947,31,314,4,9,0.926905,0.9510270000000001,0.331573,0.9388110000000001,,,0.9904458598726115,1.2158273381294964
SNP,ALL,22543,22086,457,25745,462,3206,59,6,0.979728,0.9795020000000001,0.124529,0.979615,2.9467973398669933,2.8064134771686122,1.6274052478134111,1.7085702253105917
SNP,PASS,22543,21813,730,24456,240,2412,34,6,0.9676170000000001,0.9891129999999999,0.098626,0.978247,2.9467973398669933,2.844304791830322,1.6274052478134111,1.6880431195688044
