Type,Filter,TRUTH.TOTAL,TRUTH.TP,TRUTH.FN,QUERY.TOTAL,QUERY.FP,QUERY.UNK,FP.gt,FP.al,METRIC.Recall,METRIC.Precision,METRIC.Frac_NA,METRIC.F1_Score,TRUTH.TOTAL.TiTv_ratio,QUERY.TOTAL.TiTv_ratio,TRUTH.TOTAL.het_hom_ratio,QUERY.TOTAL.het_hom_ratio
INDEL,ALL,690,625,65,1009,58,324,8,12,0.905797,0.915328,0.32111,0.910538,,,1.0581039755351682,1.342042755344418
INDEL,PASS,690,624,66,988,48,314,8,11,0.9043479999999999,0.928783,0.317814,0.9164030000000001,,,1.0581039755351682,1.2921615201900238
SNP,ALL,22589,22131,458,25577,444,3002,41,8,0.979725,0.980332,0.117371,0.980028,2.9636842105263157,2.8250859620272086,1.5521645755623374,1.6649984360337817
SNP,PASS,22589,21811,778,24292,229,2252,29,8,0.965558,0.98961,0.092705,0.9774360000000001,2.9636842105263157,2.8782317267794446,1.5521645755623374,1.6449117454783178
