Type,Filter,TRUTH.TOTAL,TRUTH.TP,TRUTH.FN,QUERY.TOTAL,QUERY.FP,QUERY.UNK,FP.gt,FP.al,METRIC.Recall,METRIC.Precision,METRIC.Frac_NA,METRIC.F1_Score,TRUTH.TOTAL.TiTv_ratio,QUERY.TOTAL.TiTv_ratio,TRUTH.TOTAL.het_hom_ratio,QUERY.TOTAL.het_hom_ratio
INDEL,ALL,690,644,46,1049,51,352,7,7,0.933333,0.9268290000000001,0.33555799999999997,0.9300700000000001,,,1.0581039755351682,1.348623853211009
INDEL,PASS,690,644,46,1030,44,340,7,6,0.933333,0.936232,0.330097,0.9347799999999999,,,1.0581039755351682,1.305045871559633
SNP,ALL,22589,22229,360,25739,415,3095,40,7,0.9840629999999999,0.9816729999999999,0.120246,0.982866,2.9636842105263157,2.816511041944568,1.5521645755623374,1.6719301890712652
SNP,PASS,22589,21899,690,24353,190,2264,27,7,0.969454,0.991398,0.092966,0.9803040000000001,2.9636842105263157,2.870988242770893,1.5521645755623374,1.6364030335861321
