Type,Filter,TRUTH.TOTAL,TRUTH.TP,TRUTH.FN,QUERY.TOTAL,QUERY.FP,QUERY.UNK,FP.gt,FP.al,METRIC.Recall,METRIC.Precision,METRIC.Frac_NA,METRIC.F1_Score,TRUTH.TOTAL.TiTv_ratio,QUERY.TOTAL.TiTv_ratio,TRUTH.TOTAL.het_hom_ratio,QUERY.TOTAL.het_hom_ratio
INDEL,ALL,690,643,47,1025,47,333,4,10,0.931884,0.9320809999999999,0.324878,0.931982,,,1.0581039755351682,1.3552941176470588
INDEL,PASS,690,641,49,1004,41,320,4,10,0.9289860000000001,0.940058,0.318725,0.9344889999999999,,,1.0581039755351682,1.3058823529411765
SNP,ALL,22589,22177,412,25645,401,3067,46,7,0.9817610000000001,0.982239,0.119594,0.982,2.9636842105263157,2.8298253470667265,1.5521645755623374,1.6613355488628103
SNP,PASS,22589,21850,739,24286,189,2247,37,7,0.9672850000000001,0.991424,0.09252200000000001,0.9792059999999999,2.9636842105263157,2.8775933609958506,1.5521645755623374,1.6262987012987014
