Type,Filter,TRUTH.TOTAL,TRUTH.TP,TRUTH.FN,QUERY.TOTAL,QUERY.FP,QUERY.UNK,FP.gt,FP.al,METRIC.Recall,METRIC.Precision,METRIC.Frac_NA,METRIC.F1_Score,TRUTH.TOTAL.TiTv_ratio,QUERY.TOTAL.TiTv_ratio,TRUTH.TOTAL.het_hom_ratio,QUERY.TOTAL.het_hom_ratio
INDEL,ALL,690,633,57,1024,59,330,9,11,0.917391,0.9149860000000001,0.322266,0.9161870000000001,,,1.0581039755351682,1.2906178489702518
INDEL,PASS,690,633,57,997,50,312,9,10,0.917391,0.927007,0.31293899999999997,0.9221739999999999,,,1.0581039755351682,1.22883295194508
SNP,ALL,22589,22159,430,25650,405,3086,47,7,0.980964,0.982051,0.12031199999999999,0.981507,2.9636842105263157,2.829006266786034,1.5521645755623374,1.6630299251870324
SNP,PASS,22589,21829,760,24338,222,2287,37,7,0.966355,0.9899319999999999,0.093968,0.978002,2.9636842105263157,2.8724554707379135,1.5521645755623374,1.6357034467808367
