Type,Filter,TRUTH.TOTAL,TRUTH.TP,TRUTH.FN,QUERY.TOTAL,QUERY.FP,QUERY.UNK,FP.gt,FP.al,METRIC.Recall,METRIC.Precision,METRIC.Frac_NA,METRIC.F1_Score,TRUTH.TOTAL.TiTv_ratio,QUERY.TOTAL.TiTv_ratio,TRUTH.TOTAL.het_hom_ratio,QUERY.TOTAL.het_hom_ratio
INDEL,ALL,682,642,40,1045,60,341,8,7,0.941349,0.914773,0.326316,0.9278709999999999,,,0.9881656804733728,1.4228028503562946
INDEL,PASS,682,642,40,1009,51,314,8,7,0.941349,0.9266190000000001,0.311199,0.933926,,,0.9881656804733728,1.33729216152019
SNP,ALL,22743,22348,395,25616,400,2870,51,1,0.982632,0.9824139999999999,0.11203900000000001,0.9825229999999999,2.96411149825784,2.841576738609113,1.5847833503923576,1.688905232191637
SNP,PASS,22743,22009,734,24196,195,1994,37,0,0.967726,0.991217,0.08241,0.979331,2.96411149825784,2.886195826645265,1.5847833503923576,1.6496766414556616
