Type,Filter,TRUTH.TOTAL,TRUTH.TP,TRUTH.FN,QUERY.TOTAL,QUERY.FP,QUERY.UNK,FP.gt,FP.al,METRIC.Recall,METRIC.Precision,METRIC.Frac_NA,METRIC.F1_Score,TRUTH.TOTAL.TiTv_ratio,QUERY.TOTAL.TiTv_ratio,TRUTH.TOTAL.het_hom_ratio,QUERY.TOTAL.het_hom_ratio
INDEL,ALL,643,608,35,999,44,340,5,9,0.9455680000000001,0.933232,0.34034000000000003,0.939359,,,0.9904458598726115,1.353658536585366
INDEL,PASS,643,607,36,965,33,318,5,8,0.9440120000000001,0.948995,0.329534,0.9464969999999999,,,0.9904458598726115,1.2707317073170732
SNP,ALL,22543,22180,363,25916,425,3320,50,4,0.9838969999999999,0.981191,0.128106,0.982543,2.9467973398669933,2.80134877583932,1.6274052478134111,1.7226369466933025
SNP,PASS,22543,21847,696,24370,177,2355,30,3,0.969126,0.9919600000000001,0.096635,0.98041,2.9467973398669933,2.8428684003152087,1.6274052478134111,1.683381088825215
