Type,Filter,TRUTH.TOTAL,TRUTH.TP,TRUTH.FN,QUERY.TOTAL,QUERY.FP,QUERY.UNK,FP.gt,FP.al,METRIC.Recall,METRIC.Precision,METRIC.Frac_NA,METRIC.F1_Score,TRUTH.TOTAL.TiTv_ratio,QUERY.TOTAL.TiTv_ratio,TRUTH.TOTAL.het_hom_ratio,QUERY.TOTAL.het_hom_ratio
INDEL,ALL,643,601,42,994,56,331,6,11,0.934681,0.915535,0.332998,0.925009,,,0.9904458598726115,1.3627450980392157
INDEL,PASS,643,601,42,960,48,305,6,10,0.934681,0.926718,0.317708,0.930682,,,0.9904458598726115,1.2794117647058822
SNP,ALL,22543,22108,435,25718,372,3247,54,1,0.9807040000000001,0.9834450000000001,0.126254,0.982073,2.9467973398669933,2.8220439691027925,1.6274052478134111,1.6992962924062598
SNP,PASS,22543,21797,746,24377,182,2407,32,1,0.966908,0.9917159999999999,0.098741,0.9791549999999999,2.9467973398669933,2.8517056222362602,1.6274052478134111,1.6818231861719697
