Type,Filter,TRUTH.TOTAL,TRUTH.TP,TRUTH.FN,QUERY.TOTAL,QUERY.FP,QUERY.UNK,FP.gt,FP.al,METRIC.Recall,METRIC.Precision,METRIC.Frac_NA,METRIC.F1_Score,TRUTH.TOTAL.TiTv_ratio,QUERY.TOTAL.TiTv_ratio,TRUTH.TOTAL.het_hom_ratio,QUERY.TOTAL.het_hom_ratio
INDEL,ALL,643,607,36,994,44,337,7,8,0.9440120000000001,0.9330290000000001,0.339034,0.9384889999999999,,,0.9904458598726115,1.3496332518337408
INDEL,PASS,643,607,36,964,37,314,7,7,0.9440120000000001,0.943077,0.325726,0.943544,,,0.9904458598726115,1.276283618581907
SNP,ALL,22543,22179,364,25868,387,3311,44,2,0.9838530000000001,0.982843,0.127996,0.983348,2.9467973398669933,2.812610489098409,1.6274052478134111,1.7091499842783775
SNP,PASS,22543,21857,686,24416,164,2404,30,1,0.969569,0.99255,0.09846,0.980925,2.9467973398669933,2.853604669506231,1.6274052478134111,1.6773485513608428
