Type,Filter,TRUTH.TOTAL,TRUTH.TP,TRUTH.FN,QUERY.TOTAL,QUERY.FP,QUERY.UNK,FP.gt,FP.al,METRIC.Recall,METRIC.Precision,METRIC.Frac_NA,METRIC.F1_Score,TRUTH.TOTAL.TiTv_ratio,QUERY.TOTAL.TiTv_ratio,TRUTH.TOTAL.het_hom_ratio,QUERY.TOTAL.het_hom_ratio
INDEL,ALL,682,639,43,1011,59,311,6,10,0.93695,0.9157139999999999,0.307616,0.926211,,,0.9881656804733728,1.3588516746411483
INDEL,PASS,682,639,43,990,52,297,6,9,0.93695,0.9249639999999999,0.3,0.930918,,,0.9881656804733728,1.3086124401913874
SNP,ALL,22743,22337,406,25593,408,2850,56,2,0.9821479999999999,0.98206,0.11135899999999999,0.9821040000000001,2.96411149825784,2.8414579271036446,1.5847833503923576,1.6850451585801303
SNP,PASS,22743,21988,755,24198,209,2003,43,2,0.9668030000000001,0.990583,0.082775,0.978549,2.96411149825784,2.8901204819277106,1.5847833503923576,1.6510199605176574
