Type,Filter,TRUTH.TOTAL,TRUTH.TP,TRUTH.FN,QUERY.TOTAL,QUERY.FP,QUERY.UNK,FP.gt,FP.al,METRIC.Recall,METRIC.Precision,METRIC.Frac_NA,METRIC.F1_Score,TRUTH.TOTAL.TiTv_ratio,QUERY.TOTAL.TiTv_ratio,TRUTH.TOTAL.het_hom_ratio,QUERY.TOTAL.het_hom_ratio
INDEL,ALL,682,636,46,1028,62,328,9,11,0.932551,0.911429,0.31906599999999996,0.921869,,,0.9881656804733728,1.3847980997624703
INDEL,PASS,682,636,46,1002,52,312,9,10,0.932551,0.924638,0.311377,0.928578,,,0.9881656804733728,1.323040380047506
SNP,ALL,22743,22334,409,25545,410,2803,47,1,0.982016,0.981972,0.10972799999999999,0.981994,2.96411149825784,2.8434821831303565,1.5847833503923576,1.6814122097299569
SNP,PASS,22743,22006,737,24215,206,2005,37,0,0.9675940000000001,0.990725,0.0828,0.979023,2.96411149825784,2.8859846055163567,1.5847833503923576,1.6499780893952674
