Type,Filter,TRUTH.TOTAL,TRUTH.TP,TRUTH.FN,QUERY.TOTAL,QUERY.FP,QUERY.UNK,FP.gt,FP.al,METRIC.Recall,METRIC.Precision,METRIC.Frac_NA,METRIC.F1_Score,TRUTH.TOTAL.TiTv_ratio,QUERY.TOTAL.TiTv_ratio,TRUTH.TOTAL.het_hom_ratio,QUERY.TOTAL.het_hom_ratio
INDEL,ALL,682,672,10,1005,18,313,3,3,0.9853370000000001,0.973988,0.31144299999999997,0.9796299999999999,,,0.9881656804733728,1.1955555555555555
INDEL,PASS,682,672,10,1000,18,308,3,3,0.9853370000000001,0.973988,0.308,0.9796299999999999,,,0.9881656804733728,1.1844444444444444
SNP,ALL,22743,22445,298,25571,299,2829,41,4,0.9868969999999999,0.9868530000000001,0.110633,0.986875,2.96411149825784,2.8239426094754148,1.5847833503923576,1.6797776379274176
SNP,PASS,22743,22187,556,24665,195,2285,31,4,0.9755530000000001,0.991287,0.092641,0.9833569999999999,2.96411149825784,2.8616804881865123,1.5847833503923576,1.6492152225327887
