Type,Filter,TRUTH.TOTAL,TRUTH.TP,TRUTH.FN,QUERY.TOTAL,QUERY.FP,QUERY.UNK,FP.gt,FP.al,METRIC.Recall,METRIC.Precision,METRIC.Frac_NA,METRIC.F1_Score,TRUTH.TOTAL.TiTv_ratio,QUERY.TOTAL.TiTv_ratio,TRUTH.TOTAL.het_hom_ratio,QUERY.TOTAL.het_hom_ratio
INDEL,ALL,682,672,10,1004,16,314,2,3,0.9853370000000001,0.9768120000000001,0.312749,0.9810559999999999,,,0.9881656804733728,1.168859649122807
INDEL,PASS,682,672,10,1001,15,312,2,3,0.9853370000000001,0.9782290000000001,0.311688,0.98177,,,0.9881656804733728,1.162280701754386
SNP,ALL,22743,22434,309,25567,287,2848,43,3,0.9864129999999999,0.987367,0.111394,0.9868899999999999,2.96411149825784,2.8277719587011823,1.5847833503923576,1.6774971177025468
SNP,PASS,22743,22183,560,24703,199,2323,33,3,0.975377,0.991108,0.094037,0.9831799999999999,2.96411149825784,2.861271676300578,1.5847833503923576,1.6489590040781283
