Type,Filter,TRUTH.TOTAL,TRUTH.TP,TRUTH.FN,QUERY.TOTAL,QUERY.FP,QUERY.UNK,FP.gt,FP.al,METRIC.Recall,METRIC.Precision,METRIC.Frac_NA,METRIC.F1_Score,TRUTH.TOTAL.TiTv_ratio,QUERY.TOTAL.TiTv_ratio,TRUTH.TOTAL.het_hom_ratio,QUERY.TOTAL.het_hom_ratio
INDEL,ALL,690,679,11,1013,14,318,2,0,0.984058,0.979856,0.313919,0.9819530000000001,,,1.0581039755351682,1.1703056768558953
INDEL,PASS,690,678,12,1008,13,315,2,0,0.9826090000000001,0.981241,0.3125,0.981924,,,1.0581039755351682,1.1593886462882097
SNP,ALL,22589,22326,263,25660,244,3090,32,0,0.9883569999999999,0.989189,0.120421,0.9887729999999999,2.9636842105263157,2.834030475052286,1.5521645755623374,1.6556222820459723
SNP,PASS,22589,22054,535,24788,167,2567,25,0,0.976316,0.9924850000000001,0.103558,0.984334,2.9636842105263157,2.8666562694946975,1.5521645755623374,1.6391137622496805
