Type,Filter,TRUTH.TOTAL,TRUTH.TP,TRUTH.FN,QUERY.TOTAL,QUERY.FP,QUERY.UNK,FP.gt,FP.al,METRIC.Recall,METRIC.Precision,METRIC.Frac_NA,METRIC.F1_Score,TRUTH.TOTAL.TiTv_ratio,QUERY.TOTAL.TiTv_ratio,TRUTH.TOTAL.het_hom_ratio,QUERY.TOTAL.het_hom_ratio
INDEL,ALL,643,635,8,967,7,321,1,3,0.987558,0.9891639999999999,0.33195399999999997,0.988361,,,0.9904458598726115,1.143507972665148
INDEL,PASS,643,635,8,962,7,316,1,3,0.987558,0.9891639999999999,0.328482,0.988361,,,0.9904458598726115,1.132118451025057
SNP,ALL,22543,22259,284,25930,273,3405,36,0,0.987402,0.98788,0.13131500000000002,0.987641,2.9467973398669933,2.7923976608187133,1.6274052478134111,1.7180616740088106
SNP,PASS,22543,22031,512,24910,162,2724,31,0,0.9772879999999999,0.992698,0.10935399999999999,0.984933,2.9467973398669933,2.828545091411891,1.6274052478134111,1.6909523294778943
