Type,Filter,TRUTH.TOTAL,TRUTH.TP,TRUTH.FN,QUERY.TOTAL,QUERY.FP,QUERY.UNK,FP.gt,FP.al,METRIC.Recall,METRIC.Precision,METRIC.Frac_NA,METRIC.F1_Score,TRUTH.TOTAL.TiTv_ratio,QUERY.TOTAL.TiTv_ratio,TRUTH.TOTAL.het_hom_ratio,QUERY.TOTAL.het_hom_ratio
INDEL,ALL,690,675,15,999,6,316,0,4,0.978261,0.991215,0.316316,0.9846950000000001,,,1.0581039755351682,1.1626373626373627
INDEL,PASS,690,675,15,996,6,313,0,4,0.978261,0.991215,0.314257,0.9846950000000001,,,1.0581039755351682,1.156043956043956
SNP,ALL,22589,22303,286,25596,238,3055,26,0,0.987339,0.989441,0.11935499999999999,0.988389,2.9636842105263157,2.843993993993994,1.5521645755623374,1.658077922077922
SNP,PASS,22589,22003,586,24736,151,2582,22,0,0.974058,0.9931840000000001,0.10438199999999999,0.9835280000000001,2.9636842105263157,2.8688037529319783,1.5521645755623374,1.6338553318419091
