Type,Filter,TRUTH.TOTAL,TRUTH.TP,TRUTH.FN,QUERY.TOTAL,QUERY.FP,QUERY.UNK,FP.gt,FP.al,METRIC.Recall,METRIC.Precision,METRIC.Frac_NA,METRIC.F1_Score,TRUTH.TOTAL.TiTv_ratio,QUERY.TOTAL.TiTv_ratio,TRUTH.TOTAL.het_hom_ratio,QUERY.TOTAL.het_hom_ratio
INDEL,ALL,690,675,15,999,15,309,0,7,0.978261,0.978261,0.309309,0.978261,,,1.0581039755351682,1.1535087719298245
INDEL,PASS,690,675,15,999,15,309,0,7,0.978261,0.978261,0.309309,0.978261,,,1.0581039755351682,1.1535087719298245
SNP,ALL,22589,22306,283,25633,245,3081,26,1,0.9874719999999999,0.989136,0.120197,0.988303,2.9636842105263157,2.827287654873862,1.5521645755623374,1.6640324425496518
SNP,PASS,22589,22022,567,24750,158,2569,20,1,0.974899,0.992877,0.103798,0.983806,2.9636842105263157,2.8626930878452175,1.5521645755623374,1.6436892166292616
