Type,Filter,TRUTH.TOTAL,TRUTH.TP,TRUTH.FN,QUERY.TOTAL,QUERY.FP,QUERY.UNK,FP.gt,FP.al,METRIC.Recall,METRIC.Precision,METRIC.Frac_NA,METRIC.F1_Score,TRUTH.TOTAL.TiTv_ratio,QUERY.TOTAL.TiTv_ratio,TRUTH.TOTAL.het_hom_ratio,QUERY.TOTAL.het_hom_ratio
INDEL,ALL,682,673,9,1005,17,315,2,4,0.9868040000000001,0.9753620000000001,0.313433,0.98105,,,0.9881656804733728,1.140997830802603
INDEL,PASS,682,673,9,1000,14,313,2,3,0.9868040000000001,0.9796219999999999,0.313,0.9831989999999999,,,0.9881656804733728,1.1301518438177873
SNP,ALL,22743,22440,303,25585,290,2855,42,1,0.986677,0.987242,0.11158900000000001,0.986959,2.96411149825784,2.839082183563287,1.5847833503923576,1.6737788934211904
SNP,PASS,22743,22228,515,24747,194,2325,33,0,0.977356,0.991348,0.09395099999999999,0.984302,2.96411149825784,2.8683018278394,1.5847833503923576,1.6495927989712815
