Type,Filter,TRUTH.TOTAL,TRUTH.TP,TRUTH.FN,QUERY.TOTAL,QUERY.FP,QUERY.UNK,FP.gt,FP.al,METRIC.Recall,METRIC.Precision,METRIC.Frac_NA,METRIC.F1_Score,TRUTH.TOTAL.TiTv_ratio,QUERY.TOTAL.TiTv_ratio,TRUTH.TOTAL.het_hom_ratio,QUERY.TOTAL.het_hom_ratio
INDEL,ALL,682,672,10,981,14,295,2,0,0.9853370000000001,0.979592,0.300714,0.982456,,,0.9881656804733728,1.1186813186813187
INDEL,PASS,682,672,10,980,14,294,2,0,0.9853370000000001,0.979592,0.3,0.982456,,,0.9881656804733728,1.1164835164835165
SNP,ALL,22743,22425,318,25532,270,2837,47,1,0.9860180000000001,0.9881030000000001,0.111115,0.987059,2.96411149825784,2.8376145410845726,1.5847833503923576,1.672883487007544
SNP,PASS,22743,22201,542,24720,188,2331,35,1,0.976168,0.991603,0.094296,0.983825,2.96411149825784,2.8792346298619824,1.5847833503923576,1.651245169600687
