Type,Filter,TRUTH.TOTAL,TRUTH.TP,TRUTH.FN,QUERY.TOTAL,QUERY.FP,QUERY.UNK,FP.gt,FP.al,METRIC.Recall,METRIC.Precision,METRIC.Frac_NA,METRIC.F1_Score,TRUTH.TOTAL.TiTv_ratio,QUERY.TOTAL.TiTv_ratio,TRUTH.TOTAL.het_hom_ratio,QUERY.TOTAL.het_hom_ratio
INDEL,ALL,643,637,6,960,6,311,0,1,0.990669,0.9907549999999999,0.32395799999999997,0.990712,,,0.9904458598726115,1.1056179775280899
INDEL,PASS,643,637,6,956,5,308,0,1,0.990669,0.992284,0.322176,0.991476,,,0.9904458598726115,1.0966292134831461
SNP,ALL,22543,22260,283,25870,256,3363,38,2,0.9874459999999999,0.988626,0.129996,0.988036,2.9467973398669933,2.8054697838553153,1.6274052478134111,1.7102421637488205
SNP,PASS,22543,22037,506,24899,167,2704,29,2,0.977554,0.992476,0.108599,0.984958,2.9467973398669933,2.830539750884207,1.6274052478134111,1.68791185049152
