Type,Filter,TRUTH.TOTAL,TRUTH.TP,TRUTH.FN,QUERY.TOTAL,QUERY.FP,QUERY.UNK,FP.gt,FP.al,METRIC.Recall,METRIC.Precision,METRIC.Frac_NA,METRIC.F1_Score,TRUTH.TOTAL.TiTv_ratio,QUERY.TOTAL.TiTv_ratio,TRUTH.TOTAL.het_hom_ratio,QUERY.TOTAL.het_hom_ratio
INDEL,ALL,690,674,16,1006,13,317,0,6,0.9768120000000001,0.981132,0.31510900000000003,0.978967,,,1.0581039755351682,1.2
INDEL,PASS,690,674,16,1001,10,315,0,5,0.9768120000000001,0.9854229999999999,0.314685,0.9810979999999999,,,1.0581039755351682,1.1888888888888889
SNP,ALL,22589,22312,277,25600,242,3046,30,2,0.9877370000000001,0.9892700000000001,0.11898399999999999,0.988503,2.9636842105263157,2.8376798561151078,1.5521645755623374,1.6540815268125713
SNP,PASS,22589,22043,546,24724,169,2512,26,2,0.9758290000000001,0.992392,0.101602,0.9840409999999999,2.9636842105263157,2.881494270915084,1.5521645755623374,1.6314556490256629
