Type,Filter,TRUTH.TOTAL,TRUTH.TP,TRUTH.FN,QUERY.TOTAL,QUERY.FP,QUERY.UNK,FP.gt,FP.al,METRIC.Recall,METRIC.Precision,METRIC.Frac_NA,METRIC.F1_Score,TRUTH.TOTAL.TiTv_ratio,QUERY.TOTAL.TiTv_ratio,TRUTH.TOTAL.het_hom_ratio,QUERY.TOTAL.het_hom_ratio
INDEL,ALL,643,635,8,960,6,315,0,1,0.987558,0.990698,0.328125,0.9891260000000001,,,0.9904458598726115,1.1570438799076213
INDEL,PASS,643,634,9,954,5,311,0,1,0.9860030000000001,0.992224,0.325996,0.9891040000000001,,,0.9904458598726115,1.1431870669745958
SNP,ALL,22543,22265,278,25869,247,3364,36,1,0.987668,0.989025,0.13004000000000002,0.988346,2.9467973398669933,2.788464353681745,1.6274052478134111,1.7061656024285565
SNP,PASS,22543,22040,503,24936,162,2741,30,1,0.9776870000000001,0.9927010000000001,0.109921,0.985137,2.9467973398669933,2.8278348933558384,1.6274052478134111,1.6866846361185983
