Type,Filter,TRUTH.TOTAL,TRUTH.TP,TRUTH.FN,QUERY.TOTAL,QUERY.FP,QUERY.UNK,FP.gt,FP.al,METRIC.Recall,METRIC.Precision,METRIC.Frac_NA,METRIC.F1_Score,TRUTH.TOTAL.TiTv_ratio,QUERY.TOTAL.TiTv_ratio,TRUTH.TOTAL.het_hom_ratio,QUERY.TOTAL.het_hom_ratio
INDEL,ALL,643,632,11,951,6,309,1,1,0.982893,0.990654,0.324921,0.986758,,,0.9904458598726115,1.1043083900226758
INDEL,PASS,643,632,11,945,5,305,1,1,0.982893,0.992188,0.322751,0.987518,,,0.9904458598726115,1.090702947845805
SNP,ALL,22543,22274,269,25871,242,3362,45,1,0.988067,0.9892489999999999,0.129952,0.988658,2.9467973398669933,2.790421792618629,1.6274052478134111,1.7087480356207438
SNP,PASS,22543,22025,518,24868,151,2693,36,1,0.977022,0.9931909999999999,0.10829200000000001,0.9850399999999999,2.9467973398669933,2.821505376344086,1.6274052478134111,1.6800388223875768
