Type,Filter,TRUTH.TOTAL,TRUTH.TP,TRUTH.FN,QUERY.TOTAL,QUERY.FP,QUERY.UNK,FP.gt,FP.al,METRIC.Recall,METRIC.Precision,METRIC.Frac_NA,METRIC.F1_Score,TRUTH.TOTAL.TiTv_ratio,QUERY.TOTAL.TiTv_ratio,TRUTH.TOTAL.het_hom_ratio,QUERY.TOTAL.het_hom_ratio
INDEL,ALL,643,631,12,973,9,326,2,2,0.9813370000000001,0.9860899999999999,0.335046,0.983708,,,0.9904458598726115,1.1784897025171626
INDEL,PASS,643,631,12,970,9,323,2,2,0.9813370000000001,0.9860899999999999,0.33299,0.983708,,,0.9904458598726115,1.17162471395881
SNP,ALL,22543,22286,257,25929,239,3413,32,0,0.9886,0.9893850000000001,0.131629,0.988992,2.9467973398669933,2.7923976608187133,1.6274052478134111,1.7104602510460252
SNP,PASS,22543,22050,493,24960,153,2766,25,0,0.978131,0.9931059999999999,0.11081700000000001,0.985562,2.9467973398669933,2.82580052091313,1.6274052478134111,1.6910130542669113
