Type,Filter,TRUTH.TOTAL,TRUTH.TP,TRUTH.FN,QUERY.TOTAL,QUERY.FP,QUERY.UNK,FP.gt,FP.al,METRIC.Recall,METRIC.Precision,METRIC.Frac_NA,METRIC.F1_Score,TRUTH.TOTAL.TiTv_ratio,QUERY.TOTAL.TiTv_ratio,TRUTH.TOTAL.het_hom_ratio,QUERY.TOTAL.het_hom_ratio
INDEL,ALL,690,677,13,1014,18,317,0,3,0.981159,0.974175,0.312623,0.9776549999999999,,,1.0581039755351682,1.1842105263157894
INDEL,PASS,690,677,13,1009,17,313,0,3,0.981159,0.975575,0.310208,0.978359,,,1.0581039755351682,1.1732456140350878
SNP,ALL,22589,22312,277,25638,254,3072,33,1,0.9877370000000001,0.9887440000000001,0.119822,0.988241,2.9636842105263157,2.833756914336971,1.5521645755623374,1.6626142975893599
SNP,PASS,22589,22028,561,24750,163,2559,25,1,0.975165,0.992655,0.103394,0.9838319999999999,2.9636842105263157,2.871754770096966,1.5521645755623374,1.6335569040775044
