Type,Filter,TRUTH.TOTAL,TRUTH.TP,TRUTH.FN,QUERY.TOTAL,QUERY.FP,QUERY.UNK,FP.gt,FP.al,METRIC.Recall,METRIC.Precision,METRIC.Frac_NA,METRIC.F1_Score,TRUTH.TOTAL.TiTv_ratio,QUERY.TOTAL.TiTv_ratio,TRUTH.TOTAL.het_hom_ratio,QUERY.TOTAL.het_hom_ratio
INDEL,ALL,682,675,7,1006,16,313,1,1,0.9897360000000001,0.9769120000000001,0.311133,0.983282,,,0.9881656804733728,1.1977777777777778
INDEL,PASS,682,675,7,1001,13,311,1,1,0.9897360000000001,0.981159,0.310689,0.9854290000000001,,,0.9881656804733728,1.1866666666666668
SNP,ALL,22743,22422,321,25563,276,2867,43,2,0.985886,0.9878389999999999,0.11215399999999999,0.9868620000000001,2.96411149825784,2.8359328134373127,1.5847833503923576,1.6705353408615642
SNP,PASS,22743,22176,567,24670,181,2315,34,2,0.9750690000000001,0.9919030000000001,0.09383899999999999,0.9834139999999999,2.96411149825784,2.863671936140241,1.5847833503923576,1.6406685236768803
