Type,Filter,TRUTH.TOTAL,TRUTH.TP,TRUTH.FN,QUERY.TOTAL,QUERY.FP,QUERY.UNK,FP.gt,FP.al,METRIC.Recall,METRIC.Precision,METRIC.Frac_NA,METRIC.F1_Score,TRUTH.TOTAL.TiTv_ratio,QUERY.TOTAL.TiTv_ratio,TRUTH.TOTAL.het_hom_ratio,QUERY.TOTAL.het_hom_ratio
INDEL,ALL,522389,326360,196029,441464,47144,67907,11439,14196,0.624745,0.8737969999999999,0.15382200000000001,0.728575,,,1.5140117576138536,1.3759267925507022
INDEL,PASS,522389,326360,196029,441464,47144,67907,11439,14196,0.624745,0.8737969999999999,0.15382200000000001,0.728575,,,1.5140117576138536,1.3759267925507022
SNP,ALL,3352679,2942195,410484,3406617,316718,147530,91064,3315,0.8775649999999999,0.9028200000000001,0.043307,0.890014,2.0975722178140814,2.0970606841739774,1.5743345845517158,1.6123603219642488
SNP,PASS,3352679,2942195,410484,3406617,316718,147530,91064,3315,0.8775649999999999,0.9028200000000001,0.043307,0.890014,2.0975722178140814,2.0970606841739774,1.5743345845517158,1.6123603219642488
