Type,Filter,TRUTH.TOTAL,TRUTH.TP,TRUTH.FN,QUERY.TOTAL,QUERY.FP,QUERY.UNK,FP.gt,FP.al,METRIC.Recall,METRIC.Precision,METRIC.Frac_NA,METRIC.F1_Score,TRUTH.TOTAL.TiTv_ratio,QUERY.TOTAL.TiTv_ratio,TRUTH.TOTAL.het_hom_ratio,QUERY.TOTAL.het_hom_ratio
INDEL,ALL,508274,320526,187748,441441,45098,75777,11129,13506,0.630617,0.876668,0.171658,0.733559,,,1.5010726729322714,1.3642065696092458
INDEL,PASS,508274,320526,187748,441441,45098,75777,11129,13506,0.630617,0.876668,0.171658,0.733559,,,1.5010726729322714,1.3642065696092458
SNP,ALL,3340471,2934901,405570,3414953,313069,166799,90925,3246,0.878589,0.903616,0.048844,0.890927,2.097942603562915,2.095681546696539,1.578296918585843,1.6102183731312587
SNP,PASS,3340471,2934901,405570,3414953,313069,166799,90925,3246,0.878589,0.903616,0.048844,0.890927,2.097942603562915,2.095681546696539,1.578296918585843,1.6102183731312587
