Type,Filter,TRUTH.TOTAL,TRUTH.TP,TRUTH.FN,QUERY.TOTAL,QUERY.FP,QUERY.UNK,FP.gt,FP.al,METRIC.Recall,METRIC.Precision,METRIC.Frac_NA,METRIC.F1_Score,TRUTH.TOTAL.TiTv_ratio,QUERY.TOTAL.TiTv_ratio,TRUTH.TOTAL.het_hom_ratio,QUERY.TOTAL.het_hom_ratio
INDEL,ALL,500793,317001,183792,439517,46494,75977,11148,13916,0.632998,0.872108,0.17286500000000002,0.73356,,,1.4790521868945146,1.3390362116991643
INDEL,PASS,500793,317001,183792,439517,46494,75977,11148,13916,0.632998,0.872108,0.17286500000000002,0.73356,,,1.4790521868945146,1.3390362116991643
SNP,ALL,3314143,2908634,405509,3389183,317430,162931,89336,3203,0.8776430000000001,0.90161,0.048074,0.889465,2.100052932616592,2.0981481718429262,1.5296134232553806,1.567776802644682
SNP,PASS,3314143,2908634,405509,3389183,317430,162931,89336,3203,0.8776430000000001,0.90161,0.048074,0.889465,2.100052932616592,2.0981481718429262,1.5296134232553806,1.567776802644682
