Type,Filter,TRUTH.TOTAL,TRUTH.TP,TRUTH.FN,QUERY.TOTAL,QUERY.FP,QUERY.UNK,FP.gt,FP.al,METRIC.Recall,METRIC.Precision,METRIC.Frac_NA,METRIC.F1_Score,TRUTH.TOTAL.TiTv_ratio,QUERY.TOTAL.TiTv_ratio,TRUTH.TOTAL.het_hom_ratio,QUERY.TOTAL.het_hom_ratio
INDEL,ALL,522389,130006,392383,255147,55273,69836,22677,14768,0.24886799999999998,0.701728,0.27370900000000004,0.36742800000000003,,,1.5140117576138536,0.6395361758034891
INDEL,PASS,522389,129986,392403,254776,55030,69721,22677,14740,0.24883000000000002,0.702629,0.273656,0.36751,,,1.5140117576138536,0.6371111648549895
SNP,ALL,3352679,1302821,2049858,1736084,296546,136705,185786,3420,0.38859099999999996,0.814587,0.078743,0.526175,2.0975722178140814,2.0105359152133624,1.5743345845517158,0.6604020514900664
SNP,PASS,3352679,1281688,2070991,1698713,292523,124494,184059,3299,0.382288,0.814179,0.073287,0.5202829999999999,2.0975722178140814,2.013643426252421,1.5743345845517158,0.6662071712678345
