Type,Filter,TRUTH.TOTAL,TRUTH.TP,TRUTH.FN,QUERY.TOTAL,QUERY.FP,QUERY.UNK,FP.gt,FP.al,METRIC.Recall,METRIC.Precision,METRIC.Frac_NA,METRIC.F1_Score,TRUTH.TOTAL.TiTv_ratio,QUERY.TOTAL.TiTv_ratio,TRUTH.TOTAL.het_hom_ratio,QUERY.TOTAL.het_hom_ratio
INDEL,ALL,500793,151216,349577,299044,62228,85565,25813,16769,0.301953,0.708505,0.286128,0.423442,,,1.4790521868945146,0.6235147762143035
INDEL,PASS,500793,151204,349589,298755,62048,85462,25813,16754,0.301929,0.709095,0.28606,0.42352399999999996,,,1.4790521868945146,0.6219168993448152
SNP,ALL,3314143,1493544,1820599,1981564,327743,160267,205829,3879,0.450658,0.82005,0.08087899999999999,0.581663,2.100052932616592,1.9679802328628655,1.5296134232553806,0.6442218070480201
SNP,PASS,3314143,1473421,1840722,1944678,323634,147619,204040,3779,0.444586,0.819909,0.075909,0.576546,2.100052932616592,1.9704897302795252,1.5296134232553806,0.6479111765847672
