Type,Filter,TRUTH.TOTAL,TRUTH.TP,TRUTH.FN,QUERY.TOTAL,QUERY.FP,QUERY.UNK,FP.gt,FP.al,METRIC.Recall,METRIC.Precision,METRIC.Frac_NA,METRIC.F1_Score,TRUTH.TOTAL.TiTv_ratio,QUERY.TOTAL.TiTv_ratio,TRUTH.TOTAL.het_hom_ratio,QUERY.TOTAL.het_hom_ratio
INDEL,ALL,522389,131151,391238,257175,55321,70668,22568,14781,0.25106,0.703384,0.27478600000000003,0.370041,,,1.5140117576138536,0.64797568737935
INDEL,PASS,522389,131129,391260,256771,55061,70538,22568,14752,0.25101799999999996,0.704343,0.274712,0.370128,,,1.5140117576138536,0.6453409505921636
SNP,ALL,3352679,1312052,2040627,1745725,296057,137612,185276,3568,0.391344,0.8158979999999999,0.078828,0.5289689999999999,2.0975722178140814,2.0111801499309325,1.5743345845517158,0.6652036516853933
SNP,PASS,3352679,1289877,2062802,1707115,291840,125397,183476,3436,0.38473,0.815492,0.073456,0.5228109999999999,2.0975722178140814,2.014001542782198,1.5743345845517158,0.6717551120362434
