Type,Filter,TRUTH.TOTAL,TRUTH.TP,TRUTH.FN,QUERY.TOTAL,QUERY.FP,QUERY.UNK,FP.gt,FP.al,METRIC.Recall,METRIC.Precision,METRIC.Frac_NA,METRIC.F1_Score,TRUTH.TOTAL.TiTv_ratio,QUERY.TOTAL.TiTv_ratio,TRUTH.TOTAL.het_hom_ratio,QUERY.TOTAL.het_hom_ratio
INDEL,ALL,500793,151948,348845,301136,62744,86407,25872,16929,0.303415,0.707799,0.286937,0.42475,,,1.4790521868945146,0.6293386084493694
INDEL,PASS,500793,151937,348856,300818,62532,86309,25872,16907,0.30339299999999997,0.708488,0.286914,0.424853,,,1.4790521868945146,0.6275863589025849
SNP,ALL,3314143,1496778,1817365,1986200,328248,161171,205607,3990,0.451633,0.820141,0.08114500000000001,0.582498,2.100052932616592,1.9708045461342905,1.5296134232553806,0.6465619750007049
SNP,PASS,3314143,1477119,1837024,1949633,324006,148505,203803,3870,0.44570200000000004,0.820109,0.076171,0.577533,2.100052932616592,1.9732241420320438,1.5296134232553806,0.6498979146139547
