Type,Filter,TRUTH.TOTAL,TRUTH.TP,TRUTH.FN,QUERY.TOTAL,QUERY.FP,QUERY.UNK,FP.gt,FP.al,METRIC.Recall,METRIC.Precision,METRIC.Frac_NA,METRIC.F1_Score,TRUTH.TOTAL.TiTv_ratio,QUERY.TOTAL.TiTv_ratio,TRUTH.TOTAL.het_hom_ratio,QUERY.TOTAL.het_hom_ratio
INDEL,ALL,522389,128478,393911,251730,54653,68567,22513,14618,0.245943,0.701616,0.272383,0.364215,,,1.5140117576138536,0.630999519050223
INDEL,PASS,522389,128467,393922,251397,54431,68465,22513,14591,0.24592199999999997,0.7024520000000001,0.272338,0.36430500000000005,,,1.5140117576138536,0.6288055974648017
SNP,ALL,3352679,1294223,2058456,1726610,297162,135220,186890,3455,0.386027,0.8132689999999999,0.078315,0.523546,2.0975722178140814,2.0074395665825535,1.5743345845517158,0.6533946360153257
SNP,PASS,3352679,1274219,2078460,1690903,293180,123501,185139,3339,0.38006,0.812952,0.073038,0.517967,2.0975722178140814,2.010623848474869,1.5743345845517158,0.6587167954031651
