Type,Filter,TRUTH.TOTAL,TRUTH.TP,TRUTH.FN,QUERY.TOTAL,QUERY.FP,QUERY.UNK,FP.gt,FP.al,METRIC.Recall,METRIC.Precision,METRIC.Frac_NA,METRIC.F1_Score,TRUTH.TOTAL.TiTv_ratio,QUERY.TOTAL.TiTv_ratio,TRUTH.TOTAL.het_hom_ratio,QUERY.TOTAL.het_hom_ratio
INDEL,ALL,500793,154351,346442,305890,63354,88151,25793,17242,0.308213,0.709037,0.288179,0.42965699999999996,,,1.4790521868945146,0.6440028256786283
INDEL,PASS,500793,154340,346453,305497,63107,88011,25793,17211,0.308191,0.709834,0.288091,0.429782,,,1.4790521868945146,0.641850709979136
SNP,ALL,3314143,1514707,1799436,2003591,325148,163727,203359,4038,0.45704300000000003,0.823276,0.081717,0.58778,2.100052932616592,1.9762227605063172,1.5296134232553806,0.6581363487733909
SNP,PASS,3314143,1492724,1821419,1963828,320786,150311,201507,3913,0.45041000000000003,0.8231139999999999,0.07654,0.582225,2.100052932616592,1.9786421930421834,1.5296134232553806,0.6626756108322529
