Type,Filter,TRUTH.TOTAL,TRUTH.TP,TRUTH.FN,QUERY.TOTAL,QUERY.FP,QUERY.UNK,FP.gt,FP.al,METRIC.Recall,METRIC.Precision,METRIC.Frac_NA,METRIC.F1_Score,TRUTH.TOTAL.TiTv_ratio,QUERY.TOTAL.TiTv_ratio,TRUTH.TOTAL.het_hom_ratio,QUERY.TOTAL.het_hom_ratio
INDEL,ALL,500793,153917,346876,304781,63051,87773,25842,17073,0.307347,0.709453,0.287987,0.42889099999999997,,,1.4790521868945146,0.6405019415132834
INDEL,PASS,500793,153904,346889,304390,62806,87638,25842,17044,0.307321,0.71024,0.287914,0.42900900000000003,,,1.4790521868945146,0.6383664873225069
SNP,ALL,3314143,1511490,1802653,1999876,325545,162832,204117,3917,0.45607299999999995,0.822789,0.08142100000000001,0.586852,2.100052932616592,1.9757109172189617,1.5296134232553806,0.6542707713641994
SNP,PASS,3314143,1489731,1824412,1960807,321290,149779,202303,3793,0.449507,0.822592,0.076386,0.58134,2.100052932616592,1.9782896904883756,1.5296134232553806,0.6588116626838795
