Type,Filter,TRUTH.TOTAL,TRUTH.TP,TRUTH.FN,QUERY.TOTAL,QUERY.FP,QUERY.UNK,FP.gt,FP.al,METRIC.Recall,METRIC.Precision,METRIC.Frac_NA,METRIC.F1_Score,TRUTH.TOTAL.TiTv_ratio,QUERY.TOTAL.TiTv_ratio,TRUTH.TOTAL.het_hom_ratio,QUERY.TOTAL.het_hom_ratio
INDEL,ALL,500793,150384,350409,297406,62038,84951,25884,16641,0.300292,0.7079949999999999,0.28564,0.42171499999999995,,,1.4790521868945146,0.6203872671100289
INDEL,PASS,500793,150375,350418,297129,61854,84863,25884,16623,0.300274,0.708601,0.28561,0.42180500000000004,,,1.4790521868945146,0.6188508450321428
SNP,ALL,3314143,1485257,1828886,1972984,328928,158787,206738,3876,0.44815699999999997,0.818692,0.080481,0.579237,2.100052932616592,1.9654459907641584,1.5296134232553806,0.6381715272846565
SNP,PASS,3314143,1466372,1847771,1937832,324885,146567,204965,3764,0.442459,0.818628,0.07563500000000001,0.57444,2.100052932616592,1.968192419780425,1.5296134232553806,0.6414842869610161
