Type,Filter,TRUTH.TOTAL,TRUTH.TP,TRUTH.FN,QUERY.TOTAL,QUERY.FP,QUERY.UNK,FP.gt,FP.al,METRIC.Recall,METRIC.Precision,METRIC.Frac_NA,METRIC.F1_Score,TRUTH.TOTAL.TiTv_ratio,QUERY.TOTAL.TiTv_ratio,TRUTH.TOTAL.het_hom_ratio,QUERY.TOTAL.het_hom_ratio
INDEL,ALL,508274,107221,401053,218014,48588,62185,20418,12671,0.21095100000000003,0.6881970000000001,0.285234,0.322919,,,1.5010726729322714,0.5838016431405519
INDEL,PASS,508274,107215,401059,217710,48385,62089,20418,12657,0.210939,0.689084,0.285191,0.32300300000000004,,,1.5010726729322714,0.5815596560319778
SNP,ALL,3340471,1124508,2215963,1550504,293887,132098,186025,3328,0.33663200000000004,0.792805,0.08519700000000001,0.472595,2.097942603562915,2.002929802853121,1.578296918585843,0.5959844203499141
SNP,PASS,3340471,1106599,2233872,1517977,290020,121345,184307,3212,0.33127,0.792343,0.079939,0.467207,2.097942603562915,2.005566795608329,1.578296918585843,0.6007212418269632
