Type,Filter,TRUTH.TOTAL,TRUTH.TP,TRUTH.FN,QUERY.TOTAL,QUERY.FP,QUERY.UNK,FP.gt,FP.al,METRIC.Recall,METRIC.Precision,METRIC.Frac_NA,METRIC.F1_Score,TRUTH.TOTAL.TiTv_ratio,QUERY.TOTAL.TiTv_ratio,TRUTH.TOTAL.het_hom_ratio,QUERY.TOTAL.het_hom_ratio
INDEL,ALL,508274,112363,395911,229590,50670,66538,20702,13428,0.221068,0.68924,0.289812,0.33476300000000003,,,1.5010726729322714,0.612823700908935
INDEL,PASS,508274,112349,395925,229180,50399,66405,20702,13400,0.22104000000000001,0.690376,0.28975,0.334865,,,1.5010726729322714,0.6098939575830332
SNP,ALL,3340471,1163476,2176995,1592112,290230,138385,183143,3315,0.34829699999999997,0.800355,0.08691900000000001,0.485371,2.097942603562915,2.0190026770208473,1.578296918585843,0.6223981718274285
SNP,PASS,3340471,1142847,2197624,1555368,286100,126403,181475,3178,0.342122,0.7997850000000001,0.08126900000000001,0.47923999999999994,2.097942603562915,2.0214817764224877,1.578296918585843,0.6282410519636361
