Type,Filter,TRUTH.TOTAL,TRUTH.TP,TRUTH.FN,QUERY.TOTAL,QUERY.FP,QUERY.UNK,FP.gt,FP.al,METRIC.Recall,METRIC.Precision,METRIC.Frac_NA,METRIC.F1_Score,TRUTH.TOTAL.TiTv_ratio,QUERY.TOTAL.TiTv_ratio,TRUTH.TOTAL.het_hom_ratio,QUERY.TOTAL.het_hom_ratio
INDEL,ALL,508274,107537,400737,218607,48760,62289,20392,12730,0.211573,0.688072,0.284936,0.323633,,,1.5010726729322714,0.5846391638759062
INDEL,PASS,508274,107528,400746,218295,48566,62175,20392,12715,0.21155500000000002,0.688919,0.284821,0.323706,,,1.5010726729322714,0.5823427667169617
SNP,ALL,3340471,1128368,2212103,1555832,294857,132592,185860,3375,0.337787,0.7928270000000001,0.08522300000000001,0.47373699999999996,2.097942603562915,2.002039166661844,1.578296918585843,0.600024482146035
SNP,PASS,3340471,1110529,2229942,1523177,290945,121691,184178,3264,0.332447,0.792402,0.07989299999999999,0.46838599999999997,2.097942603562915,2.0046071861058627,1.578296918585843,0.6045819125934105
