Type,Filter,TRUTH.TOTAL,TRUTH.TP,TRUTH.FN,QUERY.TOTAL,QUERY.FP,QUERY.UNK,FP.gt,FP.al,METRIC.Recall,METRIC.Precision,METRIC.Frac_NA,METRIC.F1_Score,TRUTH.TOTAL.TiTv_ratio,QUERY.TOTAL.TiTv_ratio,TRUTH.TOTAL.het_hom_ratio,QUERY.TOTAL.het_hom_ratio
INDEL,ALL,522389,129230,393159,253434,55259,68906,22512,14628,0.247383,0.700539,0.271889,0.365645,,,1.5140117576138536,0.6378608936821836
INDEL,PASS,522389,129223,393166,253069,55012,68791,22512,14603,0.247369,0.7014729999999999,0.271827,0.365757,,,1.5140117576138536,0.6354620556398982
SNP,ALL,3352679,1305025,2047654,1740003,298510,136469,186256,3572,0.389248,0.813842,0.07843,0.526622,2.0975722178140814,2.0119588449590267,1.5743345845517158,0.661580578236101
SNP,PASS,3352679,1285467,2067212,1704522,294366,124694,184536,3454,0.383415,0.8136720000000001,0.073155,0.5212220000000001,2.0975722178140814,2.0156081960717724,1.5743345845517158,0.6665763646765999
