Type,Filter,TRUTH.TOTAL,TRUTH.TP,TRUTH.FN,QUERY.TOTAL,QUERY.FP,QUERY.UNK,FP.gt,FP.al,METRIC.Recall,METRIC.Precision,METRIC.Frac_NA,METRIC.F1_Score,TRUTH.TOTAL.TiTv_ratio,QUERY.TOTAL.TiTv_ratio,TRUTH.TOTAL.het_hom_ratio,QUERY.TOTAL.het_hom_ratio
INDEL,ALL,522389,130992,391397,257465,55778,70658,22737,14889,0.250756,0.701414,0.274437,0.369437,,,1.5140117576138536,0.6472491488018124
INDEL,PASS,522389,130978,391411,257057,55490,70544,22737,14857,0.250729,0.702487,0.274429,0.369557,,,1.5140117576138536,0.6445930198493558
SNP,ALL,3352679,1311644,2041035,1745949,296270,138031,185056,3570,0.391223,0.815743,0.079058,0.528826,2.0975722178140814,2.012409760136621,1.5743345845517158,0.666386939710726
SNP,PASS,3352679,1290666,2062013,1708430,292036,125725,183272,3427,0.384966,0.815483,0.073591,0.523026,2.0975722178140814,2.0157513805621785,1.5743345845517158,0.6722042563857045
