Type,Filter,TRUTH.TOTAL,TRUTH.TP,TRUTH.FN,QUERY.TOTAL,QUERY.FP,QUERY.UNK,FP.gt,FP.al,METRIC.Recall,METRIC.Precision,METRIC.Frac_NA,METRIC.F1_Score,TRUTH.TOTAL.TiTv_ratio,QUERY.TOTAL.TiTv_ratio,TRUTH.TOTAL.het_hom_ratio,QUERY.TOTAL.het_hom_ratio
INDEL,ALL,508274,107967,400307,219778,49105,62687,20540,12860,0.212419,0.6874100000000001,0.285229,0.324548,,,1.5010726729322714,0.5856842506245101
INDEL,PASS,508274,107956,400318,219503,48933,62592,20540,12845,0.21239699999999997,0.688148,0.28515300000000005,0.32460500000000003,,,1.5010726729322714,0.5836697019200481
SNP,ALL,3340471,1130928,2209543,1558940,294418,133577,185334,3463,0.338553,0.793443,0.085685,0.4746,2.097942603562915,2.006695244872025,1.578296918585843,0.6020992405646219
SNP,PASS,3340471,1114063,2226408,1527365,290547,122739,183679,3326,0.333505,0.79315,0.08036,0.469566,2.097942603562915,2.0093474881949795,1.578296918585843,0.6061985905122541
