Type,Filter,TRUTH.TOTAL,TRUTH.TP,TRUTH.FN,QUERY.TOTAL,QUERY.FP,QUERY.UNK,FP.gt,FP.al,METRIC.Recall,METRIC.Precision,METRIC.Frac_NA,METRIC.F1_Score,TRUTH.TOTAL.TiTv_ratio,QUERY.TOTAL.TiTv_ratio,TRUTH.TOTAL.het_hom_ratio,QUERY.TOTAL.het_hom_ratio
INDEL,ALL,508274,108697,399577,220957,49027,63213,20491,12833,0.21385500000000002,0.689199,0.286087,0.326423,,,1.5010726729322714,0.5885157333722713
INDEL,PASS,508274,108685,399589,220644,48840,63095,20491,12815,0.21383200000000002,0.690001,0.285958,0.32648499999999997,,,1.5010726729322714,0.586230561436811
SNP,ALL,3340471,1136633,2203838,1563478,292580,134249,185085,3363,0.34026100000000004,0.795288,0.085866,0.476608,2.097942603562915,2.0078362127664486,1.578296918585843,0.6043321936965186
SNP,PASS,3340471,1118480,2221991,1530325,288678,123152,183413,3248,0.334827,0.7948529999999999,0.080474,0.471175,2.097942603562915,2.0104518651681857,1.578296918585843,0.6091157112236247
