Type,Filter,TRUTH.TOTAL,TRUTH.TP,TRUTH.FN,QUERY.TOTAL,QUERY.FP,QUERY.UNK,FP.gt,FP.al,METRIC.Recall,METRIC.Precision,METRIC.Frac_NA,METRIC.F1_Score,TRUTH.TOTAL.TiTv_ratio,QUERY.TOTAL.TiTv_ratio,TRUTH.TOTAL.het_hom_ratio,QUERY.TOTAL.het_hom_ratio
INDEL,ALL,500793,153070,347723,303884,63235,87542,25873,17081,0.305655,0.707708,0.28807699999999997,0.42692399999999997,,,1.4790521868945146,0.6365422181251509
INDEL,PASS,500793,153056,347737,303527,63013,87419,25873,17065,0.305627,0.7084189999999999,0.288011,0.427026,,,1.4790521868945146,0.6345833058975878
SNP,ALL,3314143,1505919,1808224,1994777,326498,162352,204666,3939,0.454392,0.8218219999999999,0.081389,0.585214,2.100052932616592,1.9727718641602994,1.5296134232553806,0.6516881385130798
SNP,PASS,3314143,1484985,1829158,1956651,322253,149404,202841,3833,0.448075,0.821688,0.07635700000000001,0.579916,2.100052932616592,1.975305319778093,1.5296134232553806,0.6557240788563777
