Type,Filter,TRUTH.TOTAL,TRUTH.TP,TRUTH.FN,QUERY.TOTAL,QUERY.FP,QUERY.UNK,FP.gt,FP.al,METRIC.Recall,METRIC.Precision,METRIC.Frac_NA,METRIC.F1_Score,TRUTH.TOTAL.TiTv_ratio,QUERY.TOTAL.TiTv_ratio,TRUTH.TOTAL.het_hom_ratio,QUERY.TOTAL.het_hom_ratio
INDEL,ALL,682,645,37,1065,68,350,7,15,0.9457479999999999,0.9048950000000001,0.328638,0.9248709999999999,,,0.9881656804733728,1.3839080459770114
INDEL,PASS,682,645,37,1036,52,337,7,13,0.9457479999999999,0.925608,0.32529,0.9355700000000001,,,0.9881656804733728,1.3172413793103448
SNP,ALL,22743,22408,335,25752,449,2897,44,2,0.9852700000000001,0.9803540000000001,0.112496,0.982806,2.96411149825784,2.8279857397504458,1.5847833503923576,1.7047629061087162
SNP,PASS,22743,22142,601,24417,199,2078,31,0,0.9735739999999999,0.991092,0.085105,0.9822549999999999,2.96411149825784,2.8705845081577697,1.5847833503923576,1.6519517233880614
