Type,Filter,TRUTH.TOTAL,TRUTH.TP,TRUTH.FN,QUERY.TOTAL,QUERY.FP,QUERY.UNK,FP.gt,FP.al,METRIC.Recall,METRIC.Precision,METRIC.Frac_NA,METRIC.F1_Score,TRUTH.TOTAL.TiTv_ratio,QUERY.TOTAL.TiTv_ratio,TRUTH.TOTAL.het_hom_ratio,QUERY.TOTAL.het_hom_ratio
INDEL,ALL,682,640,42,1044,58,344,9,8,0.938416,0.917143,0.329502,0.927658,,,0.9881656804733728,1.3761682242990654
INDEL,PASS,682,640,42,1007,44,321,9,7,0.938416,0.93586,0.318769,0.9371360000000001,,,0.9881656804733728,1.2897196261682242
SNP,ALL,22743,22395,348,25670,433,2844,44,2,0.984699,0.98103,0.11079100000000001,0.9828610000000001,2.96411149825784,2.8314439140811456,1.5847833503923576,1.69390756302521
SNP,PASS,22743,22123,620,24428,235,2072,33,0,0.9727389999999999,0.9894879999999999,0.08482100000000001,0.981042,2.96411149825784,2.880615970789014,1.5847833503923576,1.651743996522873
