Type,Filter,TRUTH.TOTAL,TRUTH.TP,TRUTH.FN,QUERY.TOTAL,QUERY.FP,QUERY.UNK,FP.gt,FP.al,METRIC.Recall,METRIC.Precision,METRIC.Frac_NA,METRIC.F1_Score,TRUTH.TOTAL.TiTv_ratio,QUERY.TOTAL.TiTv_ratio,TRUTH.TOTAL.het_hom_ratio,QUERY.TOTAL.het_hom_ratio
INDEL,ALL,690,648,42,1061,52,359,7,12,0.9391299999999999,0.925926,0.33836,0.932481,,,1.0581039755351682,1.3870967741935485
INDEL,PASS,690,648,42,1043,45,348,7,11,0.9391299999999999,0.9352520000000001,0.33365300000000003,0.9371870000000001,,,1.0581039755351682,1.3456221198156681
SNP,ALL,22589,22241,348,25775,400,3134,35,8,0.9845940000000001,0.982333,0.121591,0.9834620000000001,2.9636842105263157,2.827790973871734,1.5521645755623374,1.669119170984456
SNP,PASS,22589,21985,604,24512,201,2326,24,8,0.973261,0.9909399999999999,0.09489199999999999,0.9820209999999999,2.9636842105263157,2.8848225602027884,1.5521645755623374,1.6363147131632763
