Type,Filter,TRUTH.TOTAL,TRUTH.TP,TRUTH.FN,QUERY.TOTAL,QUERY.FP,QUERY.UNK,FP.gt,FP.al,METRIC.Recall,METRIC.Precision,METRIC.Frac_NA,METRIC.F1_Score,TRUTH.TOTAL.TiTv_ratio,QUERY.TOTAL.TiTv_ratio,TRUTH.TOTAL.het_hom_ratio,QUERY.TOTAL.het_hom_ratio
INDEL,ALL,643,615,28,1005,32,352,3,6,0.9564540000000001,0.950995,0.350249,0.953717,,,0.9904458598726115,1.2850467289719627
INDEL,PASS,643,615,28,988,29,338,3,6,0.9564540000000001,0.955385,0.342105,0.9559190000000001,,,0.9904458598726115,1.2453271028037383
SNP,ALL,22543,22201,342,25874,396,3286,47,4,0.9848290000000001,0.982469,0.127,0.9836469999999999,2.9467973398669933,2.804673721340388,1.6274052478134111,1.7140457694730211
SNP,PASS,22543,21972,571,24622,198,2461,25,4,0.974671,0.991065,0.099951,0.9828,2.9467973398669933,2.8390213495402836,1.6274052478134111,1.6846355303360978
