Type,Filter,TRUTH.TOTAL,TRUTH.TP,TRUTH.FN,QUERY.TOTAL,QUERY.FP,QUERY.UNK,FP.gt,FP.al,METRIC.Recall,METRIC.Precision,METRIC.Frac_NA,METRIC.F1_Score,TRUTH.TOTAL.TiTv_ratio,QUERY.TOTAL.TiTv_ratio,TRUTH.TOTAL.het_hom_ratio,QUERY.TOTAL.het_hom_ratio
INDEL,ALL,643,608,35,1000,45,341,7,8,0.9455680000000001,0.931715,0.341,0.9385899999999999,,,0.9904458598726115,1.3135391923990498
INDEL,PASS,643,607,36,979,40,326,7,7,0.9440120000000001,0.938744,0.332993,0.941371,,,0.9904458598726115,1.2636579572446556
SNP,ALL,22543,22189,354,25848,405,3263,45,3,0.984297,0.982068,0.12623800000000002,0.983181,2.9467973398669933,2.794424064563463,1.6274052478134111,1.7092511013215859
SNP,PASS,22543,21952,591,24627,201,2483,27,2,0.973783,0.990923,0.100824,0.9822780000000001,2.9467973398669933,2.825776397515528,1.6274052478134111,1.6896174863387978
