Type,Filter,TRUTH.TOTAL,TRUTH.TP,TRUTH.FN,QUERY.TOTAL,QUERY.FP,QUERY.UNK,FP.gt,FP.al,METRIC.Recall,METRIC.Precision,METRIC.Frac_NA,METRIC.F1_Score,TRUTH.TOTAL.TiTv_ratio,QUERY.TOTAL.TiTv_ratio,TRUTH.TOTAL.het_hom_ratio,QUERY.TOTAL.het_hom_ratio
INDEL,ALL,690,657,33,1079,50,370,6,10,0.952174,0.929478,0.34291,0.9406889999999999,,,1.0581039755351682,1.3778280542986425
INDEL,PASS,690,655,35,1055,44,354,6,10,0.949275,0.937233,0.335545,0.9432159999999999,,,1.0581039755351682,1.3235294117647058
SNP,ALL,22589,22252,337,25806,425,3129,38,8,0.985081,0.981259,0.121251,0.983166,2.9636842105263157,2.821343990526939,1.5521645755623374,1.677673935617861
SNP,PASS,22589,22014,575,24542,204,2324,26,8,0.9745450000000001,0.990818,0.094695,0.982614,2.9636842105263157,2.8757695343330703,1.5521645755623374,1.639328382305457
