Type,Filter,TRUTH.TOTAL,TRUTH.TP,TRUTH.FN,QUERY.TOTAL,QUERY.FP,QUERY.UNK,FP.gt,FP.al,METRIC.Recall,METRIC.Precision,METRIC.Frac_NA,METRIC.F1_Score,TRUTH.TOTAL.TiTv_ratio,QUERY.TOTAL.TiTv_ratio,TRUTH.TOTAL.het_hom_ratio,QUERY.TOTAL.het_hom_ratio
INDEL,ALL,690,649,41,1053,51,351,6,9,0.94058,0.92735,0.333333,0.933918,,,1.0581039755351682,1.3632183908045976
INDEL,PASS,690,648,42,1028,44,334,6,8,0.9391299999999999,0.936599,0.324903,0.9378629999999999,,,1.0581039755351682,1.3057471264367817
SNP,ALL,22589,22232,357,25735,408,3095,39,9,0.984196,0.981979,0.12026400000000001,0.983086,2.9636842105263157,2.822149643705463,1.5521645755623374,1.6619397577890487
SNP,PASS,22589,21998,591,24582,216,2368,26,7,0.9738370000000001,0.990276,0.096331,0.981988,2.9636842105263157,2.866216003772992,1.5521645755623374,1.6373201631951901
