Type,Filter,TRUTH.TOTAL,TRUTH.TP,TRUTH.FN,QUERY.TOTAL,QUERY.FP,QUERY.UNK,FP.gt,FP.al,METRIC.Recall,METRIC.Precision,METRIC.Frac_NA,METRIC.F1_Score,TRUTH.TOTAL.TiTv_ratio,QUERY.TOTAL.TiTv_ratio,TRUTH.TOTAL.het_hom_ratio,QUERY.TOTAL.het_hom_ratio
INDEL,ALL,690,650,40,1042,48,342,5,9,0.9420290000000001,0.9314290000000001,0.32821500000000003,0.936699,,,1.0581039755351682,1.3433179723502304
INDEL,PASS,690,650,40,1024,41,331,5,8,0.9420290000000001,0.940837,0.32324200000000003,0.941433,,,1.0581039755351682,1.3018433179723503
SNP,ALL,22589,22245,344,25812,411,3156,41,8,0.984771,0.981859,0.122269,0.9833129999999999,2.9636842105263157,2.8182759130563357,1.5521645755623374,1.6698757763975156
SNP,PASS,22589,21974,615,24537,214,2349,31,8,0.972774,0.9903549999999999,0.095733,0.9814860000000001,2.9636842105263157,2.87192429022082,1.5521645755623374,1.6361290322580646
