Type,Filter,TRUTH.TOTAL,TRUTH.TP,TRUTH.FN,QUERY.TOTAL,QUERY.FP,QUERY.UNK,FP.gt,FP.al,METRIC.Recall,METRIC.Precision,METRIC.Frac_NA,METRIC.F1_Score,TRUTH.TOTAL.TiTv_ratio,QUERY.TOTAL.TiTv_ratio,TRUTH.TOTAL.het_hom_ratio,QUERY.TOTAL.het_hom_ratio
INDEL,ALL,682,651,31,1049,60,336,8,9,0.9545450000000001,0.915849,0.320305,0.934797,,,0.9881656804733728,1.354022988505747
INDEL,PASS,682,651,31,1025,51,321,8,8,0.9545450000000001,0.927557,0.313171,0.940858,,,0.9881656804733728,1.2988505747126438
SNP,ALL,22743,22380,363,25695,464,2853,48,2,0.984039,0.9796870000000001,0.11103299999999999,0.981858,2.96411149825784,2.826611102842685,1.5847833503923576,1.6993690851735015
SNP,PASS,22743,22116,627,24368,225,2029,37,0,0.9724309999999999,0.989928,0.08326499999999999,0.981102,2.96411149825784,2.8747815032575876,1.5847833503923576,1.6544542579871333
