Type,Filter,TRUTH.TOTAL,TRUTH.TP,TRUTH.FN,QUERY.TOTAL,QUERY.FP,QUERY.UNK,FP.gt,FP.al,METRIC.Recall,METRIC.Precision,METRIC.Frac_NA,METRIC.F1_Score,TRUTH.TOTAL.TiTv_ratio,QUERY.TOTAL.TiTv_ratio,TRUTH.TOTAL.het_hom_ratio,QUERY.TOTAL.het_hom_ratio
INDEL,ALL,643,615,28,1022,42,359,6,10,0.9564540000000001,0.936652,0.351272,0.946449,,,0.9904458598726115,1.4
INDEL,PASS,643,614,29,992,37,335,6,10,0.9548989999999999,0.9436829999999999,0.337702,0.949258,,,0.9904458598726115,1.3277108433734939
SNP,ALL,22543,22199,344,25922,399,3333,46,4,0.98474,0.9823370000000001,0.128578,0.9835370000000001,2.9467973398669933,2.7997069597069597,1.6274052478134111,1.7167278447823806
SNP,PASS,22543,21944,599,24615,211,2469,27,2,0.9734290000000001,0.9904719999999999,0.10030499999999999,0.981876,2.9467973398669933,2.840012474660845,1.6274052478134111,1.6917268548916613
