Type,Filter,TRUTH.TOTAL,TRUTH.TP,TRUTH.FN,QUERY.TOTAL,QUERY.FP,QUERY.UNK,FP.gt,FP.al,METRIC.Recall,METRIC.Precision,METRIC.Frac_NA,METRIC.F1_Score,TRUTH.TOTAL.TiTv_ratio,QUERY.TOTAL.TiTv_ratio,TRUTH.TOTAL.het_hom_ratio,QUERY.TOTAL.het_hom_ratio
INDEL,ALL,682,649,33,1043,52,340,8,7,0.9516129999999999,0.9260309999999999,0.32598299999999997,0.9386479999999999,,,0.9881656804733728,1.3068181818181819
INDEL,PASS,682,649,33,1018,43,324,8,7,0.9516129999999999,0.93804,0.318271,0.9447780000000001,,,0.9881656804733728,1.25
SNP,ALL,22743,22378,365,25700,464,2860,45,1,0.983951,0.979685,0.111284,0.9818129999999999,2.96411149825784,2.8232233125185844,1.5847833503923576,1.698864830775699
SNP,PASS,22743,22119,624,24405,229,2059,33,0,0.972563,0.9897520000000001,0.084368,0.981082,2.96411149825784,2.8768058421971743,1.5847833503923576,1.646477803104309
