Type,Filter,TRUTH.TOTAL,TRUTH.TP,TRUTH.FN,QUERY.TOTAL,QUERY.FP,QUERY.UNK,FP.gt,FP.al,METRIC.Recall,METRIC.Precision,METRIC.Frac_NA,METRIC.F1_Score,TRUTH.TOTAL.TiTv_ratio,QUERY.TOTAL.TiTv_ratio,TRUTH.TOTAL.het_hom_ratio,QUERY.TOTAL.het_hom_ratio
INDEL,ALL,690,650,40,1054,58,344,7,13,0.9420290000000001,0.9183100000000001,0.326376,0.930018,,,1.0581039755351682,1.3796296296296295
INDEL,PASS,690,650,40,1034,47,335,7,11,0.9420290000000001,0.9327610000000001,0.32398499999999997,0.937372,,,1.0581039755351682,1.3333333333333333
SNP,ALL,22589,22249,340,25805,401,3155,35,8,0.9849479999999999,0.982296,0.12226300000000001,0.98362,2.9636842105263157,2.8190828402366863,1.5521645755623374,1.6793099864906993
SNP,PASS,22589,21994,595,24528,201,2333,25,8,0.9736600000000001,0.990944,0.09511599999999999,0.982226,2.9636842105263157,2.870052042264627,1.5521645755623374,1.6395950021542438
