Type,Filter,TRUTH.TOTAL,TRUTH.TP,TRUTH.FN,QUERY.TOTAL,QUERY.FP,QUERY.UNK,FP.gt,FP.al,METRIC.Recall,METRIC.Precision,METRIC.Frac_NA,METRIC.F1_Score,TRUTH.TOTAL.TiTv_ratio,QUERY.TOTAL.TiTv_ratio,TRUTH.TOTAL.het_hom_ratio,QUERY.TOTAL.het_hom_ratio
INDEL,ALL,690,651,39,1077,52,372,9,8,0.943478,0.926241,0.345404,0.9347799999999999,,,1.0581039755351682,1.3747178329571106
INDEL,PASS,690,650,40,1052,45,355,9,8,0.9420290000000001,0.9354379999999999,0.337452,0.938722,,,1.0581039755351682,1.3182844243792324
SNP,ALL,22589,22276,313,25857,389,3192,32,9,0.986144,0.9828370000000001,0.123448,0.9844879999999999,2.9636842105263157,2.8188662533215236,1.5521645755623374,1.680535380784395
SNP,PASS,22589,21995,594,24546,205,2346,25,9,0.9737040000000001,0.990766,0.095576,0.9821610000000001,2.9636842105263157,2.870449172576832,1.5521645755623374,1.6415338216286084
