Type,Filter,TRUTH.TOTAL,TRUTH.TP,TRUTH.FN,QUERY.TOTAL,QUERY.FP,QUERY.UNK,FP.gt,FP.al,METRIC.Recall,METRIC.Precision,METRIC.Frac_NA,METRIC.F1_Score,TRUTH.TOTAL.TiTv_ratio,QUERY.TOTAL.TiTv_ratio,TRUTH.TOTAL.het_hom_ratio,QUERY.TOTAL.het_hom_ratio
INDEL,ALL,682,648,34,1037,53,334,9,8,0.950147,0.924609,0.322083,0.937204,,,0.9881656804733728,1.3371824480369514
INDEL,PASS,682,648,34,1009,43,316,9,7,0.950147,0.937951,0.313181,0.944009,,,0.9881656804733728,1.2725173210161662
SNP,ALL,22743,22390,353,25686,436,2862,43,1,0.9844790000000001,0.9808969999999999,0.11142300000000001,0.982685,2.96411149825784,2.8264105999702247,1.5847833503923576,1.6961546543391468
SNP,PASS,22743,22138,605,24433,224,2073,30,0,0.973398,0.9899819999999999,0.084844,0.98162,2.96411149825784,2.877101173485569,1.5847833503923576,1.6517110266159696
