Type,Filter,TRUTH.TOTAL,TRUTH.TP,TRUTH.FN,QUERY.TOTAL,QUERY.FP,QUERY.UNK,FP.gt,FP.al,METRIC.Recall,METRIC.Precision,METRIC.Frac_NA,METRIC.F1_Score,TRUTH.TOTAL.TiTv_ratio,QUERY.TOTAL.TiTv_ratio,TRUTH.TOTAL.het_hom_ratio,QUERY.TOTAL.het_hom_ratio
INDEL,ALL,643,619,24,1020,39,356,3,6,0.962675,0.941265,0.34902,0.95185,,,0.9904458598726115,1.3208430913348945
INDEL,PASS,643,619,24,985,21,339,3,3,0.962675,0.967492,0.34416199999999997,0.9650780000000001,,,0.9904458598726115,1.2388758782201406
SNP,ALL,22543,22184,359,25895,412,3308,57,4,0.984075,0.981759,0.127747,0.982916,2.9467973398669933,2.8081728649125384,1.6274052478134111,1.7148253068932955
SNP,PASS,22543,21956,587,24643,219,2477,38,4,0.9739610000000001,0.9901200000000001,0.100515,0.981974,2.9467973398669933,2.832581999067309,1.6274052478134111,1.6875136433093212
