Type,Filter,TRUTH.TOTAL,TRUTH.TP,TRUTH.FN,QUERY.TOTAL,QUERY.FP,QUERY.UNK,FP.gt,FP.al,METRIC.Recall,METRIC.Precision,METRIC.Frac_NA,METRIC.F1_Score,TRUTH.TOTAL.TiTv_ratio,QUERY.TOTAL.TiTv_ratio,TRUTH.TOTAL.het_hom_ratio,QUERY.TOTAL.het_hom_ratio
INDEL,ALL,643,619,24,1026,43,358,2,7,0.962675,0.935629,0.348928,0.948959,,,0.9904458598726115,1.3870192307692308
INDEL,PASS,643,619,24,991,30,336,2,6,0.962675,0.954198,0.33905100000000005,0.958418,,,0.9904458598726115,1.3028846153846154
SNP,ALL,22543,22214,329,26052,400,3447,45,3,0.985406,0.9823049999999999,0.13231199999999999,0.9838530000000001,2.9467973398669933,2.7868661920674125,1.6274052478134111,1.7241523650062789
SNP,PASS,22543,21944,599,24585,184,2466,27,2,0.9734290000000001,0.9916809999999999,0.10030499999999999,0.9824700000000001,2.9467973398669933,2.8266957062850033,1.6274052478134111,1.6855799715753799
