Type,Filter,TRUTH.TOTAL,TRUTH.TP,TRUTH.FN,QUERY.TOTAL,QUERY.FP,QUERY.UNK,FP.gt,FP.al,METRIC.Recall,METRIC.Precision,METRIC.Frac_NA,METRIC.F1_Score,TRUTH.TOTAL.TiTv_ratio,QUERY.TOTAL.TiTv_ratio,TRUTH.TOTAL.het_hom_ratio,QUERY.TOTAL.het_hom_ratio
INDEL,ALL,690,656,34,1069,45,366,4,8,0.950725,0.935989,0.342376,0.943299,,,1.0581039755351682,1.365909090909091
INDEL,PASS,690,656,34,1046,37,351,4,7,0.950725,0.9467629999999999,0.335564,0.9487389999999999,,,1.0581039755351682,1.3136363636363637
SNP,ALL,22589,22261,328,25889,427,3201,36,8,0.9854799999999999,0.9811790000000001,0.123643,0.983325,2.9636842105263157,2.824571766095688,1.5521645755623374,1.67314250284179
SNP,PASS,22589,21961,628,24472,175,2336,27,8,0.9721989999999999,0.992094,0.095456,0.9820459999999999,2.9636842105263157,2.880646695197337,1.5521645755623374,1.6308370992037875
