Type,Filter,TRUTH.TOTAL,TRUTH.TP,TRUTH.FN,QUERY.TOTAL,QUERY.FP,QUERY.UNK,FP.gt,FP.al,METRIC.Recall,METRIC.Precision,METRIC.Frac_NA,METRIC.F1_Score,TRUTH.TOTAL.TiTv_ratio,QUERY.TOTAL.TiTv_ratio,TRUTH.TOTAL.het_hom_ratio,QUERY.TOTAL.het_hom_ratio
INDEL,ALL,690,659,31,1064,49,354,4,8,0.9550719999999999,0.9309860000000001,0.33270700000000003,0.942875,,,1.0581039755351682,1.3423423423423424
INDEL,PASS,690,659,31,1047,41,345,4,8,0.9550719999999999,0.9415950000000001,0.329513,0.9482860000000001,,,1.0581039755351682,1.304054054054054
SNP,ALL,22589,22243,346,25822,409,3170,39,8,0.984683,0.981944,0.12276400000000001,0.9833120000000001,2.9636842105263157,2.82356423919479,1.5521645755623374,1.675168481078279
SNP,PASS,22589,21992,597,24533,200,2341,25,8,0.973571,0.9909879999999999,0.095422,0.982202,2.9636842105263157,2.880316205533597,1.5521645755623374,1.6375080697224016
