Type,Filter,TRUTH.TOTAL,TRUTH.TP,TRUTH.FN,QUERY.TOTAL,QUERY.FP,QUERY.UNK,FP.gt,FP.al,METRIC.Recall,METRIC.Precision,METRIC.Frac_NA,METRIC.F1_Score,TRUTH.TOTAL.TiTv_ratio,QUERY.TOTAL.TiTv_ratio,TRUTH.TOTAL.het_hom_ratio,QUERY.TOTAL.het_hom_ratio
INDEL,ALL,682,652,30,1063,55,354,4,10,0.9560120000000001,0.922426,0.33302,0.9389190000000001,,,0.9881656804733728,1.3856812933025404
INDEL,PASS,682,652,30,1041,47,340,4,10,0.9560120000000001,0.932953,0.32660900000000004,0.944342,,,0.9881656804733728,1.3348729792147807
SNP,ALL,22743,22415,328,25740,445,2882,45,5,0.9855780000000001,0.980532,0.11196600000000001,0.983049,2.96411149825784,2.830879071842927,1.5847833503923576,1.701933179239336
SNP,PASS,22743,22119,624,24300,196,1987,32,4,0.972563,0.991216,0.08177000000000001,0.981801,2.96411149825784,2.8779904306220097,1.5847833503923576,1.6459945504087194
