Type,Filter,TRUTH.TOTAL,TRUTH.TP,TRUTH.FN,QUERY.TOTAL,QUERY.FP,QUERY.UNK,FP.gt,FP.al,METRIC.Recall,METRIC.Precision,METRIC.Frac_NA,METRIC.F1_Score,TRUTH.TOTAL.TiTv_ratio,QUERY.TOTAL.TiTv_ratio,TRUTH.TOTAL.het_hom_ratio,QUERY.TOTAL.het_hom_ratio
INDEL,ALL,682,644,38,1024,56,322,9,9,0.944282,0.920228,0.31445300000000004,0.9321,,,0.9881656804733728,1.3372365339578454
INDEL,PASS,682,644,38,1000,46,308,9,9,0.944282,0.933526,0.308,0.938873,,,0.9881656804733728,1.2810304449648713
SNP,ALL,22743,22394,349,25659,430,2837,47,1,0.984655,0.981159,0.11056500000000001,0.9829030000000001,2.96411149825784,2.825808374310833,1.5847833503923576,1.6950168208578638
SNP,PASS,22743,22138,605,24393,212,2045,35,1,0.973398,0.9905139999999999,0.08383600000000001,0.981881,2.96411149825784,2.8726003490401397,1.5847833503923576,1.6577598429490674
