Type,Filter,TRUTH.TOTAL,TRUTH.TP,TRUTH.FN,QUERY.TOTAL,QUERY.FP,QUERY.UNK,FP.gt,FP.al,METRIC.Recall,METRIC.Precision,METRIC.Frac_NA,METRIC.F1_Score,TRUTH.TOTAL.TiTv_ratio,QUERY.TOTAL.TiTv_ratio,TRUTH.TOTAL.het_hom_ratio,QUERY.TOTAL.het_hom_ratio
INDEL,ALL,643,616,27,1015,37,356,5,6,0.958009,0.9438540000000001,0.35073899999999997,0.9508790000000001,,,0.9904458598726115,1.326241134751773
INDEL,PASS,643,616,27,978,28,328,5,4,0.958009,0.956923,0.335378,0.957466,,,0.9904458598726115,1.2387706855791962
SNP,ALL,22543,22225,318,26010,392,3402,46,5,0.985894,0.982661,0.130796,0.984275,2.9467973398669933,2.795799299883314,1.6274052478134111,1.7206867671691792
SNP,PASS,22543,21950,593,24572,169,2462,27,4,0.9736950000000001,0.9923559999999999,0.100195,0.9829370000000001,2.9467973398669933,2.8397626112759644,1.6274052478134111,1.6810090641039641
