Type,Filter,TRUTH.TOTAL,TRUTH.TP,TRUTH.FN,QUERY.TOTAL,QUERY.FP,QUERY.UNK,FP.gt,FP.al,METRIC.Recall,METRIC.Precision,METRIC.Frac_NA,METRIC.F1_Score,TRUTH.TOTAL.TiTv_ratio,QUERY.TOTAL.TiTv_ratio,TRUTH.TOTAL.het_hom_ratio,QUERY.TOTAL.het_hom_ratio
INDEL,ALL,690,657,33,1077,55,363,6,9,0.952174,0.922969,0.337047,0.9373440000000001,,,1.0581039755351682,1.4110854503464203
INDEL,PASS,690,656,34,1050,42,350,6,8,0.950725,0.94,0.333333,0.945332,,,1.0581039755351682,1.348729792147806
SNP,ALL,22589,22262,327,25862,429,3171,38,7,0.985524,0.981094,0.12261199999999998,0.9833040000000001,2.9636842105263157,2.8145363408521304,1.5521645755623374,1.682795140691517
SNP,PASS,22589,21980,609,24511,212,2319,24,7,0.97304,0.990447,0.094611,0.981666,2.9636842105263157,2.867371077117174,1.5521645755623374,1.6427800561191452
