Type,Filter,TRUTH.TOTAL,TRUTH.TP,TRUTH.FN,QUERY.TOTAL,QUERY.FP,QUERY.UNK,FP.gt,FP.al,METRIC.Recall,METRIC.Precision,METRIC.Frac_NA,METRIC.F1_Score,TRUTH.TOTAL.TiTv_ratio,QUERY.TOTAL.TiTv_ratio,TRUTH.TOTAL.het_hom_ratio,QUERY.TOTAL.het_hom_ratio
INDEL,ALL,682,651,31,1053,55,345,5,9,0.9545450000000001,0.922316,0.327635,0.938154,,,0.9881656804733728,1.3272727272727274
INDEL,PASS,682,651,31,1026,39,334,5,9,0.9545450000000001,0.943642,0.325536,0.9490620000000001,,,0.9881656804733728,1.2659090909090909
SNP,ALL,22743,22404,339,25808,468,2938,42,1,0.985094,0.9795370000000001,0.11384100000000001,0.982308,2.96411149825784,2.8267634854771786,1.5847833503923576,1.6954840058540666
SNP,PASS,22743,22092,651,24295,192,2013,31,0,0.971376,0.991383,0.082857,0.9812780000000001,2.96411149825784,2.8852485216557455,1.5847833503923576,1.6356824845260072
