Type,Filter,TRUTH.TOTAL,TRUTH.TP,TRUTH.FN,QUERY.TOTAL,QUERY.FP,QUERY.UNK,FP.gt,FP.al,METRIC.Recall,METRIC.Precision,METRIC.Frac_NA,METRIC.F1_Score,TRUTH.TOTAL.TiTv_ratio,QUERY.TOTAL.TiTv_ratio,TRUTH.TOTAL.het_hom_ratio,QUERY.TOTAL.het_hom_ratio
INDEL,ALL,690,653,37,1059,49,355,4,10,0.946377,0.930398,0.33522199999999996,0.938319,,,1.0581039755351682,1.3530751708428246
INDEL,PASS,690,653,37,1042,44,343,4,10,0.946377,0.937053,0.329175,0.941692,,,1.0581039755351682,1.3143507972665147
SNP,ALL,22589,22247,342,25832,411,3174,40,8,0.9848600000000001,0.9818610000000001,0.12287100000000001,0.983358,2.9636842105263157,2.8230769230769233,1.5521645755623374,1.669804489500362
SNP,PASS,22589,22003,586,24572,209,2360,30,8,0.974058,0.990591,0.096044,0.9822549999999999,2.9636842105263157,2.8886428345460295,1.5521645755623374,1.6351438385573207
