Type,Filter,TRUTH.TOTAL,TRUTH.TP,TRUTH.FN,QUERY.TOTAL,QUERY.FP,QUERY.UNK,FP.gt,FP.al,METRIC.Recall,METRIC.Precision,METRIC.Frac_NA,METRIC.F1_Score,TRUTH.TOTAL.TiTv_ratio,QUERY.TOTAL.TiTv_ratio,TRUTH.TOTAL.het_hom_ratio,QUERY.TOTAL.het_hom_ratio
INDEL,ALL,643,615,28,1020,40,359,3,10,0.9564540000000001,0.939486,0.351961,0.947894,,,0.9904458598726115,1.35
INDEL,PASS,643,615,28,989,32,336,3,10,0.9564540000000001,0.950995,0.339737,0.953717,,,0.9904458598726115,1.276190476190476
SNP,ALL,22543,22222,321,26016,426,3377,41,3,0.9857610000000001,0.981183,0.129805,0.983466,2.9467973398669933,2.78838597001892,1.6274052478134111,1.7215998324782744
SNP,PASS,22543,21964,579,24570,185,2430,24,2,0.974316,0.9916440000000001,0.098901,0.9829040000000001,2.9467973398669933,2.84125,1.6274052478134111,1.6851892364909211
