Type,Filter,TRUTH.TOTAL,TRUTH.TP,TRUTH.FN,QUERY.TOTAL,QUERY.FP,QUERY.UNK,FP.gt,FP.al,METRIC.Recall,METRIC.Precision,METRIC.Frac_NA,METRIC.F1_Score,TRUTH.TOTAL.TiTv_ratio,QUERY.TOTAL.TiTv_ratio,TRUTH.TOTAL.het_hom_ratio,QUERY.TOTAL.het_hom_ratio
INDEL,ALL,682,654,28,1058,58,344,3,7,0.958944,0.918768,0.325142,0.938426,,,0.9881656804733728,1.3477272727272727
INDEL,PASS,682,654,28,1031,47,328,3,7,0.958944,0.9331440000000001,0.31813800000000003,0.945868,,,0.9881656804733728,1.2863636363636364
SNP,ALL,22743,22400,343,25716,452,2866,42,3,0.9849180000000001,0.9802190000000001,0.111448,0.982563,2.96411149825784,2.8318689501116903,1.5847833503923576,1.6962955189421765
SNP,PASS,22743,22130,613,24393,220,2045,31,1,0.9730469999999999,0.9901559999999999,0.08383600000000001,0.981527,2.96411149825784,2.8785952645796917,1.5847833503923576,1.649489019352033
