Type,Filter,TRUTH.TOTAL,TRUTH.TP,TRUTH.FN,QUERY.TOTAL,QUERY.FP,QUERY.UNK,FP.gt,FP.al,METRIC.Recall,METRIC.Precision,METRIC.Frac_NA,METRIC.F1_Score,TRUTH.TOTAL.TiTv_ratio,QUERY.TOTAL.TiTv_ratio,TRUTH.TOTAL.het_hom_ratio,QUERY.TOTAL.het_hom_ratio
INDEL,ALL,643,618,25,1016,43,349,3,9,0.9611200000000001,0.9355319999999999,0.343504,0.948153,,,0.9904458598726115,1.3215130023640662
INDEL,PASS,643,618,25,993,35,334,3,8,0.9611200000000001,0.946889,0.336354,0.953951,,,0.9904458598726115,1.2671394799054374
SNP,ALL,22543,22197,346,25909,409,3312,44,3,0.9846520000000001,0.9819,0.127832,0.983274,2.9467973398669933,2.7910207663059374,1.6274052478134111,1.7142707350319808
SNP,PASS,22543,21943,600,24628,196,2498,26,3,0.973384,0.991143,0.10142899999999999,0.982183,2.9467973398669933,2.8275862068965516,1.6274052478134111,1.6837914485165795
