Type,Filter,TRUTH.TOTAL,TRUTH.TP,TRUTH.FN,QUERY.TOTAL,QUERY.FP,QUERY.UNK,FP.gt,FP.al,METRIC.Recall,METRIC.Precision,METRIC.Frac_NA,METRIC.F1_Score,TRUTH.TOTAL.TiTv_ratio,QUERY.TOTAL.TiTv_ratio,TRUTH.TOTAL.het_hom_ratio,QUERY.TOTAL.het_hom_ratio
INDEL,ALL,643,623,20,1039,42,368,3,7,0.9688959999999999,0.937407,0.354187,0.9528909999999999,,,0.9904458598726115,1.3387470997679813
INDEL,PASS,643,623,20,1010,32,349,3,5,0.9688959999999999,0.9515889999999999,0.345545,0.9601639999999999,,,0.9904458598726115,1.271461716937355
SNP,ALL,22543,22221,322,26036,422,3402,41,2,0.985716,0.981355,0.130665,0.9835309999999999,2.9467973398669933,2.7936507936507935,1.6274052478134111,1.7244449099287809
SNP,PASS,22543,21945,598,24547,185,2426,24,0,0.9734729999999999,0.9916370000000001,0.09883099999999999,0.9824709999999999,2.9467973398669933,2.8330212234706615,1.6274052478134111,1.685207489324428
