Type,Filter,TRUTH.TOTAL,TRUTH.TP,TRUTH.FN,QUERY.TOTAL,QUERY.FP,QUERY.UNK,FP.gt,FP.al,METRIC.Recall,METRIC.Precision,METRIC.Frac_NA,METRIC.F1_Score,TRUTH.TOTAL.TiTv_ratio,QUERY.TOTAL.TiTv_ratio,TRUTH.TOTAL.het_hom_ratio,QUERY.TOTAL.het_hom_ratio
INDEL,ALL,690,633,57,1028,51,342,7,10,0.917391,0.9256559999999999,0.332685,0.9215049999999999,,,1.0581039755351682,1.3333333333333333
INDEL,PASS,690,631,59,1009,47,329,7,9,0.914493,0.930882,0.326065,0.922615,,,1.0581039755351682,1.2893518518518519
SNP,ALL,22589,22130,459,25569,400,3039,52,9,0.9796799999999999,0.982246,0.118855,0.9809610000000001,2.9636842105263157,2.836958152092395,1.5521645755623374,1.6557854246803203
SNP,PASS,22589,21837,752,24306,208,2261,41,8,0.966709,0.9905649999999999,0.09302200000000001,0.978492,2.9636842105263157,2.8950824923914786,1.5521645755623374,1.6304159445407278
