Type,Filter,TRUTH.TOTAL,TRUTH.TP,TRUTH.FN,QUERY.TOTAL,QUERY.FP,QUERY.UNK,FP.gt,FP.al,METRIC.Recall,METRIC.Precision,METRIC.Frac_NA,METRIC.F1_Score,TRUTH.TOTAL.TiTv_ratio,QUERY.TOTAL.TiTv_ratio,TRUTH.TOTAL.het_hom_ratio,QUERY.TOTAL.het_hom_ratio
INDEL,ALL,682,644,38,1038,57,335,6,11,0.944282,0.918919,0.322736,0.931428,,,0.9881656804733728,1.3225806451612903
INDEL,PASS,682,644,38,1013,43,324,6,11,0.944282,0.937591,0.319842,0.940924,,,0.9881656804733728,1.2649769585253456
SNP,ALL,22743,22357,386,25674,435,2884,45,1,0.983028,0.9809129999999999,0.11233199999999999,0.9819690000000001,2.96411149825784,2.8344776119402986,1.5847833503923576,1.6863217427733557
SNP,PASS,22743,21992,751,24164,186,1988,34,0,0.966979,0.991613,0.082271,0.979141,2.96411149825784,2.885746424554074,1.5847833503923576,1.639295867045703
