Type,Filter,TRUTH.TOTAL,TRUTH.TP,TRUTH.FN,QUERY.TOTAL,QUERY.FP,QUERY.UNK,FP.gt,FP.al,METRIC.Recall,METRIC.Precision,METRIC.Frac_NA,METRIC.F1_Score,TRUTH.TOTAL.TiTv_ratio,QUERY.TOTAL.TiTv_ratio,TRUTH.TOTAL.het_hom_ratio,QUERY.TOTAL.het_hom_ratio
INDEL,ALL,690,641,49,1044,50,351,4,11,0.9289860000000001,0.92785,0.33620700000000003,0.928417,,,1.0581039755351682,1.3831775700934579
INDEL,PASS,690,640,50,1021,44,335,4,11,0.927536,0.93586,0.32811,0.93168,,,1.0581039755351682,1.3294392523364487
SNP,ALL,22589,22220,369,25777,422,3135,37,7,0.983665,0.9813620000000001,0.12162,0.982512,2.9636842105263157,2.8306595365418894,1.5521645755623374,1.6722349035069517
SNP,PASS,22589,21859,730,24322,183,2280,26,7,0.967683,0.991698,0.09374199999999999,0.979543,2.9636842105263157,2.8800829213841492,1.5521645755623374,1.640265102129509
