Type,Filter,TRUTH.TOTAL,TRUTH.TP,TRUTH.FN,QUERY.TOTAL,QUERY.FP,QUERY.UNK,FP.gt,FP.al,METRIC.Recall,METRIC.Precision,METRIC.Frac_NA,METRIC.F1_Score,TRUTH.TOTAL.TiTv_ratio,QUERY.TOTAL.TiTv_ratio,TRUTH.TOTAL.het_hom_ratio,QUERY.TOTAL.het_hom_ratio
INDEL,ALL,682,641,41,1033,60,330,6,11,0.939883,0.914651,0.319458,0.9270950000000001,,,0.9881656804733728,1.3847980997624703
INDEL,PASS,682,641,41,1011,49,319,6,11,0.939883,0.929191,0.315529,0.934506,,,0.9881656804733728,1.332541567695962
SNP,ALL,22743,22337,406,25597,439,2823,53,5,0.9821479999999999,0.9807239999999999,0.110286,0.9814350000000001,2.96411149825784,2.8358544256402576,1.5847833503923576,1.6905839032088374
SNP,PASS,22743,21975,768,24122,194,1955,41,4,0.966231,0.9912479999999999,0.081046,0.9785799999999999,2.96411149825784,2.888674077654261,1.5847833503923576,1.6467874794069193
