Type,Filter,TRUTH.TOTAL,TRUTH.TP,TRUTH.FN,QUERY.TOTAL,QUERY.FP,QUERY.UNK,FP.gt,FP.al,METRIC.Recall,METRIC.Precision,METRIC.Frac_NA,METRIC.F1_Score,TRUTH.TOTAL.TiTv_ratio,QUERY.TOTAL.TiTv_ratio,TRUTH.TOTAL.het_hom_ratio,QUERY.TOTAL.het_hom_ratio
INDEL,ALL,643,598,45,980,52,324,4,11,0.930016,0.920732,0.33061199999999996,0.92535,,,0.9904458598726115,1.3259803921568627
INDEL,PASS,643,597,46,954,42,309,4,10,0.9284600000000001,0.934884,0.323899,0.9316610000000001,,,0.9904458598726115,1.2622549019607843
SNP,ALL,22543,22090,453,25722,417,3224,51,2,0.9799049999999999,0.9814649999999999,0.12534,0.980684,2.9467973398669933,2.8079313406333233,1.6274052478134111,1.7031973075305007
SNP,PASS,22543,21786,757,24412,205,2430,32,2,0.9664200000000001,0.9906739999999999,0.09954099999999999,0.978397,2.9467973398669933,2.849936948297604,1.6274052478134111,1.6851607221488332
