Type,Filter,TRUTH.TOTAL,TRUTH.TP,TRUTH.FN,QUERY.TOTAL,QUERY.FP,QUERY.UNK,FP.gt,FP.al,METRIC.Recall,METRIC.Precision,METRIC.Frac_NA,METRIC.F1_Score,TRUTH.TOTAL.TiTv_ratio,QUERY.TOTAL.TiTv_ratio,TRUTH.TOTAL.het_hom_ratio,QUERY.TOTAL.het_hom_ratio
INDEL,ALL,682,631,51,996,58,305,8,9,0.92522,0.916064,0.306225,0.9206190000000001,,,0.9881656804733728,1.393120393120393
INDEL,PASS,682,631,51,971,48,290,8,9,0.92522,0.929515,0.298661,0.9273629999999999,,,0.9881656804733728,1.3316953316953317
SNP,ALL,22743,22267,476,25465,419,2781,53,2,0.9790700000000001,0.9815290000000001,0.10920899999999999,0.980298,2.96411149825784,2.834913468773514,1.5847833503923576,1.681564245810056
SNP,PASS,22743,21937,806,24147,209,2003,42,2,0.9645610000000001,0.990562,0.08295,0.9773879999999999,2.96411149825784,2.878812199036918,1.5847833503923576,1.6566079295154186
