Type,Filter,TRUTH.TOTAL,TRUTH.TP,TRUTH.FN,QUERY.TOTAL,QUERY.FP,QUERY.UNK,FP.gt,FP.al,METRIC.Recall,METRIC.Precision,METRIC.Frac_NA,METRIC.F1_Score,TRUTH.TOTAL.TiTv_ratio,QUERY.TOTAL.TiTv_ratio,TRUTH.TOTAL.het_hom_ratio,QUERY.TOTAL.het_hom_ratio
INDEL,ALL,682,645,37,1019,62,310,4,7,0.9457479999999999,0.9125530000000001,0.30422,0.9288540000000001,,,0.9881656804733728,1.3216783216783217
INDEL,PASS,682,645,37,995,51,297,4,7,0.9457479999999999,0.926934,0.298492,0.9362459999999999,,,0.9881656804733728,1.2657342657342658
SNP,ALL,22743,22302,441,25519,441,2778,51,3,0.9806090000000001,0.980608,0.10885999999999998,0.9806090000000001,2.96411149825784,2.8472201295766157,1.5847833503923576,1.680121938400084
SNP,PASS,22743,21982,761,24174,213,1981,40,2,0.9665389999999999,0.990402,0.08194800000000001,0.978325,2.96411149825784,2.8957964245450154,1.5847833503923576,1.6449457890702004
