Type,Filter,TRUTH.TOTAL,TRUTH.TP,TRUTH.FN,QUERY.TOTAL,QUERY.FP,QUERY.UNK,FP.gt,FP.al,METRIC.Recall,METRIC.Precision,METRIC.Frac_NA,METRIC.F1_Score,TRUTH.TOTAL.TiTv_ratio,QUERY.TOTAL.TiTv_ratio,TRUTH.TOTAL.het_hom_ratio,QUERY.TOTAL.het_hom_ratio
INDEL,ALL,643,606,37,996,46,338,3,11,0.942457,0.930091,0.339357,0.936233,,,0.9904458598726115,1.3422330097087378
INDEL,PASS,643,604,39,961,36,315,3,11,0.9393469999999999,0.9442719999999999,0.327784,0.9418030000000001,,,0.9904458598726115,1.2572815533980584
SNP,ALL,22543,22152,391,25825,403,3279,47,3,0.982655,0.982125,0.12697,0.98239,2.9467973398669933,2.8090815273477814,1.6274052478134111,1.7078698845750262
SNP,PASS,22543,21842,701,24406,190,2383,31,1,0.9689040000000001,0.991373,0.09764,0.980009,2.9467973398669933,2.853242859397191,1.6274052478134111,1.6863846662260409
