Type,Filter,TRUTH.TOTAL,TRUTH.TP,TRUTH.FN,QUERY.TOTAL,QUERY.FP,QUERY.UNK,FP.gt,FP.al,METRIC.Recall,METRIC.Precision,METRIC.Frac_NA,METRIC.F1_Score,TRUTH.TOTAL.TiTv_ratio,QUERY.TOTAL.TiTv_ratio,TRUTH.TOTAL.het_hom_ratio,QUERY.TOTAL.het_hom_ratio
INDEL,ALL,643,614,29,1027,50,357,5,9,0.9548989999999999,0.925373,0.347614,0.9399040000000001,,,0.9904458598726115,1.3286713286713288
INDEL,PASS,643,613,30,993,38,336,5,8,0.9533440000000001,0.942161,0.33836900000000003,0.9477200000000001,,,0.9904458598726115,1.2494172494172495
SNP,ALL,22543,22178,365,25899,410,3320,46,1,0.983809,0.981842,0.12819,0.982824,2.9467973398669933,2.8034639659474534,1.6274052478134111,1.7161750813477485
SNP,PASS,22543,21860,683,24414,196,2367,28,0,0.9697020000000001,0.99111,0.096953,0.980289,2.9467973398669933,2.8420887071406105,1.6274052478134111,1.6881199030196166
