Type,Filter,TRUTH.TOTAL,TRUTH.TP,TRUTH.FN,QUERY.TOTAL,QUERY.FP,QUERY.UNK,FP.gt,FP.al,METRIC.Recall,METRIC.Precision,METRIC.Frac_NA,METRIC.F1_Score,TRUTH.TOTAL.TiTv_ratio,QUERY.TOTAL.TiTv_ratio,TRUTH.TOTAL.het_hom_ratio,QUERY.TOTAL.het_hom_ratio
INDEL,ALL,690,645,45,1043,56,340,6,9,0.934783,0.920341,0.32598299999999997,0.9275059999999999,,,1.0581039755351682,1.4038004750593824
INDEL,PASS,690,643,47,1014,46,323,6,9,0.931884,0.93343,0.31854,0.9326559999999999,,,1.0581039755351682,1.334916864608076
SNP,ALL,22589,22206,383,25716,439,3071,46,7,0.9830450000000001,0.980614,0.11942,0.981828,2.9636842105263157,2.825724907063197,1.5521645755623374,1.6768076682642217
SNP,PASS,22589,21872,717,24340,219,2249,33,7,0.968259,0.990086,0.092399,0.979051,2.9636842105263157,2.8703115066751432,1.5521645755623374,1.643439504293945
