Type,Filter,TRUTH.TOTAL,TRUTH.TP,TRUTH.FN,QUERY.TOTAL,QUERY.FP,QUERY.UNK,FP.gt,FP.al,METRIC.Recall,METRIC.Precision,METRIC.Frac_NA,METRIC.F1_Score,TRUTH.TOTAL.TiTv_ratio,QUERY.TOTAL.TiTv_ratio,TRUTH.TOTAL.het_hom_ratio,QUERY.TOTAL.het_hom_ratio
INDEL,ALL,690,639,51,1034,60,333,4,10,0.9260870000000001,0.914408,0.32205,0.9202100000000001,,,1.0581039755351682,1.351981351981352
INDEL,PASS,690,639,51,1016,51,324,4,10,0.9260870000000001,0.926301,0.318898,0.9261940000000001,,,1.0581039755351682,1.31002331002331
SNP,ALL,22589,22159,430,25627,417,3051,44,7,0.980964,0.9815290000000001,0.119054,0.981247,2.9636842105263157,2.8372998054183505,1.5521645755623374,1.666562532541914
SNP,PASS,22589,21863,726,24349,214,2272,31,7,0.96786,0.9903069999999999,0.09331,0.9789549999999999,2.9636842105263157,2.883769132653061,1.5521645755623374,1.6381479071784861
