Type,Filter,TRUTH.TOTAL,TRUTH.TP,TRUTH.FN,QUERY.TOTAL,QUERY.FP,QUERY.UNK,FP.gt,FP.al,METRIC.Recall,METRIC.Precision,METRIC.Frac_NA,METRIC.F1_Score,TRUTH.TOTAL.TiTv_ratio,QUERY.TOTAL.TiTv_ratio,TRUTH.TOTAL.het_hom_ratio,QUERY.TOTAL.het_hom_ratio
INDEL,ALL,643,606,37,996,41,343,6,6,0.942457,0.937213,0.344378,0.9398280000000001,,,0.9904458598726115,1.337378640776699
INDEL,PASS,643,605,38,959,32,316,6,4,0.940902,0.950233,0.32950999999999997,0.9455450000000001,,,0.9904458598726115,1.2475728155339805
SNP,ALL,22543,22172,371,25860,376,3321,46,5,0.9835430000000001,0.983318,0.128422,0.9834299999999999,2.9467973398669933,2.808213129231675,1.6274052478134111,1.7158923691402144
SNP,PASS,22543,21845,698,24416,171,2409,28,4,0.969037,0.99223,0.098665,0.9804959999999999,2.9467973398669933,2.846480869154464,1.6274052478134111,1.6896361631753032
